/*
 Navicat Premium Data Transfer

 Source Server         : node学习
 Source Server Type    : MySQL
 Source Server Version : 80019
 Source Host           : localhost:3306
 Source Schema         : myblog

 Target Server Type    : MySQL
 Target Server Version : 80019
 File Encoding         : 65001

 Date: 12/12/2020 19:36:41
*/

SET NAMES utf8mb4;
SET FOREIGN_KEY_CHECKS = 0;

-- ----------------------------
-- Table structure for articles
-- ----------------------------
DROP TABLE IF EXISTS `articles`;
CREATE TABLE `articles`  (
  `id` int(0) NOT NULL AUTO_INCREMENT,
  `title` varchar(255) CHARACTER SET utf8mb4 COLLATE utf8mb4_0900_ai_ci NOT NULL,
  `content` varchar(10000) CHARACTER SET utf8mb4 COLLATE utf8mb4_0900_ai_ci NOT NULL,
  `browse` int(0) NOT NULL,
  `isComment` tinyint(1) NOT NULL,
  `isTop` tinyint(1) NOT NULL,
  `cover` varchar(2000) CHARACTER SET utf8mb4 COLLATE utf8mb4_0900_ai_ci NULL DEFAULT NULL,
  `createdAt` datetime(0) NOT NULL,
  `updatedAt` datetime(0) NOT NULL,
  `deletedAt` datetime(0) NULL DEFAULT NULL,
  `UserId` int(0) NULL DEFAULT NULL,
  `ArticleTypeId` int(0) NULL DEFAULT NULL,
  `LabelId` int(0) NULL DEFAULT NULL,
  PRIMARY KEY (`id`) USING BTREE,
  INDEX `UserId`(`UserId`) USING BTREE,
  INDEX `ArticleTypeId`(`ArticleTypeId`) USING BTREE,
  INDEX `LabelId`(`LabelId`) USING BTREE,
  CONSTRAINT `articles_ibfk_1` FOREIGN KEY (`UserId`) REFERENCES `users` (`id`) ON DELETE SET NULL ON UPDATE CASCADE,
  CONSTRAINT `articles_ibfk_10` FOREIGN KEY (`UserId`) REFERENCES `users` (`id`) ON DELETE SET NULL ON UPDATE CASCADE,
  CONSTRAINT `articles_ibfk_100` FOREIGN KEY (`UserId`) REFERENCES `users` (`id`) ON DELETE SET NULL ON UPDATE CASCADE,
  CONSTRAINT `articles_ibfk_101` FOREIGN KEY (`ArticleTypeId`) REFERENCES `articletypes` (`id`) ON DELETE SET NULL ON UPDATE CASCADE,
  CONSTRAINT `articles_ibfk_102` FOREIGN KEY (`LabelId`) REFERENCES `labels` (`id`) ON DELETE SET NULL ON UPDATE CASCADE,
  CONSTRAINT `articles_ibfk_103` FOREIGN KEY (`UserId`) REFERENCES `users` (`id`) ON DELETE SET NULL ON UPDATE CASCADE,
  CONSTRAINT `articles_ibfk_104` FOREIGN KEY (`ArticleTypeId`) REFERENCES `articletypes` (`id`) ON DELETE SET NULL ON UPDATE CASCADE,
  CONSTRAINT `articles_ibfk_105` FOREIGN KEY (`LabelId`) REFERENCES `labels` (`id`) ON DELETE SET NULL ON UPDATE CASCADE,
  CONSTRAINT `articles_ibfk_106` FOREIGN KEY (`UserId`) REFERENCES `users` (`id`) ON DELETE SET NULL ON UPDATE CASCADE,
  CONSTRAINT `articles_ibfk_107` FOREIGN KEY (`ArticleTypeId`) REFERENCES `articletypes` (`id`) ON DELETE SET NULL ON UPDATE CASCADE,
  CONSTRAINT `articles_ibfk_108` FOREIGN KEY (`LabelId`) REFERENCES `labels` (`id`) ON DELETE SET NULL ON UPDATE CASCADE,
  CONSTRAINT `articles_ibfk_109` FOREIGN KEY (`UserId`) REFERENCES `users` (`id`) ON DELETE SET NULL ON UPDATE CASCADE,
  CONSTRAINT `articles_ibfk_11` FOREIGN KEY (`ArticleTypeId`) REFERENCES `articletypes` (`id`) ON DELETE SET NULL ON UPDATE CASCADE,
  CONSTRAINT `articles_ibfk_110` FOREIGN KEY (`ArticleTypeId`) REFERENCES `articletypes` (`id`) ON DELETE SET NULL ON UPDATE CASCADE,
  CONSTRAINT `articles_ibfk_111` FOREIGN KEY (`LabelId`) REFERENCES `labels` (`id`) ON DELETE SET NULL ON UPDATE CASCADE,
  CONSTRAINT `articles_ibfk_112` FOREIGN KEY (`UserId`) REFERENCES `users` (`id`) ON DELETE SET NULL ON UPDATE CASCADE,
  CONSTRAINT `articles_ibfk_113` FOREIGN KEY (`ArticleTypeId`) REFERENCES `articletypes` (`id`) ON DELETE SET NULL ON UPDATE CASCADE,
  CONSTRAINT `articles_ibfk_114` FOREIGN KEY (`LabelId`) REFERENCES `labels` (`id`) ON DELETE SET NULL ON UPDATE CASCADE,
  CONSTRAINT `articles_ibfk_115` FOREIGN KEY (`UserId`) REFERENCES `users` (`id`) ON DELETE SET NULL ON UPDATE CASCADE,
  CONSTRAINT `articles_ibfk_116` FOREIGN KEY (`ArticleTypeId`) REFERENCES `articletypes` (`id`) ON DELETE SET NULL ON UPDATE CASCADE,
  CONSTRAINT `articles_ibfk_117` FOREIGN KEY (`LabelId`) REFERENCES `labels` (`id`) ON DELETE SET NULL ON UPDATE CASCADE,
  CONSTRAINT `articles_ibfk_118` FOREIGN KEY (`UserId`) REFERENCES `users` (`id`) ON DELETE SET NULL ON UPDATE CASCADE,
  CONSTRAINT `articles_ibfk_119` FOREIGN KEY (`ArticleTypeId`) REFERENCES `articletypes` (`id`) ON DELETE SET NULL ON UPDATE CASCADE,
  CONSTRAINT `articles_ibfk_12` FOREIGN KEY (`LabelId`) REFERENCES `labels` (`id`) ON DELETE SET NULL ON UPDATE CASCADE,
  CONSTRAINT `articles_ibfk_120` FOREIGN KEY (`LabelId`) REFERENCES `labels` (`id`) ON DELETE SET NULL ON UPDATE CASCADE,
  CONSTRAINT `articles_ibfk_121` FOREIGN KEY (`UserId`) REFERENCES `users` (`id`) ON DELETE SET NULL ON UPDATE CASCADE,
  CONSTRAINT `articles_ibfk_122` FOREIGN KEY (`ArticleTypeId`) REFERENCES `articletypes` (`id`) ON DELETE SET NULL ON UPDATE CASCADE,
  CONSTRAINT `articles_ibfk_123` FOREIGN KEY (`LabelId`) REFERENCES `labels` (`id`) ON DELETE SET NULL ON UPDATE CASCADE,
  CONSTRAINT `articles_ibfk_124` FOREIGN KEY (`UserId`) REFERENCES `users` (`id`) ON DELETE SET NULL ON UPDATE CASCADE,
  CONSTRAINT `articles_ibfk_125` FOREIGN KEY (`ArticleTypeId`) REFERENCES `articletypes` (`id`) ON DELETE SET NULL ON UPDATE CASCADE,
  CONSTRAINT `articles_ibfk_126` FOREIGN KEY (`LabelId`) REFERENCES `labels` (`id`) ON DELETE SET NULL ON UPDATE CASCADE,
  CONSTRAINT `articles_ibfk_127` FOREIGN KEY (`UserId`) REFERENCES `users` (`id`) ON DELETE SET NULL ON UPDATE CASCADE,
  CONSTRAINT `articles_ibfk_128` FOREIGN KEY (`ArticleTypeId`) REFERENCES `articletypes` (`id`) ON DELETE SET NULL ON UPDATE CASCADE,
  CONSTRAINT `articles_ibfk_129` FOREIGN KEY (`LabelId`) REFERENCES `labels` (`id`) ON DELETE SET NULL ON UPDATE CASCADE,
  CONSTRAINT `articles_ibfk_13` FOREIGN KEY (`UserId`) REFERENCES `users` (`id`) ON DELETE SET NULL ON UPDATE CASCADE,
  CONSTRAINT `articles_ibfk_130` FOREIGN KEY (`UserId`) REFERENCES `users` (`id`) ON DELETE SET NULL ON UPDATE CASCADE,
  CONSTRAINT `articles_ibfk_131` FOREIGN KEY (`ArticleTypeId`) REFERENCES `articletypes` (`id`) ON DELETE SET NULL ON UPDATE CASCADE,
  CONSTRAINT `articles_ibfk_132` FOREIGN KEY (`LabelId`) REFERENCES `labels` (`id`) ON DELETE SET NULL ON UPDATE CASCADE,
  CONSTRAINT `articles_ibfk_133` FOREIGN KEY (`UserId`) REFERENCES `users` (`id`) ON DELETE SET NULL ON UPDATE CASCADE,
  CONSTRAINT `articles_ibfk_134` FOREIGN KEY (`ArticleTypeId`) REFERENCES `articletypes` (`id`) ON DELETE SET NULL ON UPDATE CASCADE,
  CONSTRAINT `articles_ibfk_135` FOREIGN KEY (`LabelId`) REFERENCES `labels` (`id`) ON DELETE SET NULL ON UPDATE CASCADE,
  CONSTRAINT `articles_ibfk_136` FOREIGN KEY (`UserId`) REFERENCES `users` (`id`) ON DELETE SET NULL ON UPDATE CASCADE,
  CONSTRAINT `articles_ibfk_137` FOREIGN KEY (`ArticleTypeId`) REFERENCES `articletypes` (`id`) ON DELETE SET NULL ON UPDATE CASCADE,
  CONSTRAINT `articles_ibfk_138` FOREIGN KEY (`LabelId`) REFERENCES `labels` (`id`) ON DELETE SET NULL ON UPDATE CASCADE,
  CONSTRAINT `articles_ibfk_139` FOREIGN KEY (`UserId`) REFERENCES `users` (`id`) ON DELETE SET NULL ON UPDATE CASCADE,
  CONSTRAINT `articles_ibfk_14` FOREIGN KEY (`ArticleTypeId`) REFERENCES `articletypes` (`id`) ON DELETE SET NULL ON UPDATE CASCADE,
  CONSTRAINT `articles_ibfk_140` FOREIGN KEY (`ArticleTypeId`) REFERENCES `articletypes` (`id`) ON DELETE SET NULL ON UPDATE CASCADE,
  CONSTRAINT `articles_ibfk_141` FOREIGN KEY (`LabelId`) REFERENCES `labels` (`id`) ON DELETE SET NULL ON UPDATE CASCADE,
  CONSTRAINT `articles_ibfk_142` FOREIGN KEY (`UserId`) REFERENCES `users` (`id`) ON DELETE SET NULL ON UPDATE CASCADE,
  CONSTRAINT `articles_ibfk_143` FOREIGN KEY (`ArticleTypeId`) REFERENCES `articletypes` (`id`) ON DELETE SET NULL ON UPDATE CASCADE,
  CONSTRAINT `articles_ibfk_144` FOREIGN KEY (`LabelId`) REFERENCES `labels` (`id`) ON DELETE SET NULL ON UPDATE CASCADE,
  CONSTRAINT `articles_ibfk_145` FOREIGN KEY (`UserId`) REFERENCES `users` (`id`) ON DELETE SET NULL ON UPDATE CASCADE,
  CONSTRAINT `articles_ibfk_146` FOREIGN KEY (`ArticleTypeId`) REFERENCES `articletypes` (`id`) ON DELETE SET NULL ON UPDATE CASCADE,
  CONSTRAINT `articles_ibfk_147` FOREIGN KEY (`LabelId`) REFERENCES `labels` (`id`) ON DELETE SET NULL ON UPDATE CASCADE,
  CONSTRAINT `articles_ibfk_148` FOREIGN KEY (`UserId`) REFERENCES `users` (`id`) ON DELETE SET NULL ON UPDATE CASCADE,
  CONSTRAINT `articles_ibfk_149` FOREIGN KEY (`ArticleTypeId`) REFERENCES `articletypes` (`id`) ON DELETE SET NULL ON UPDATE CASCADE,
  CONSTRAINT `articles_ibfk_15` FOREIGN KEY (`LabelId`) REFERENCES `labels` (`id`) ON DELETE SET NULL ON UPDATE CASCADE,
  CONSTRAINT `articles_ibfk_150` FOREIGN KEY (`LabelId`) REFERENCES `labels` (`id`) ON DELETE SET NULL ON UPDATE CASCADE,
  CONSTRAINT `articles_ibfk_151` FOREIGN KEY (`UserId`) REFERENCES `users` (`id`) ON DELETE SET NULL ON UPDATE CASCADE,
  CONSTRAINT `articles_ibfk_152` FOREIGN KEY (`UserId`) REFERENCES `users` (`id`) ON DELETE SET NULL ON UPDATE CASCADE,
  CONSTRAINT `articles_ibfk_153` FOREIGN KEY (`ArticleTypeId`) REFERENCES `articletypes` (`id`) ON DELETE SET NULL ON UPDATE CASCADE,
  CONSTRAINT `articles_ibfk_154` FOREIGN KEY (`LabelId`) REFERENCES `labels` (`id`) ON DELETE SET NULL ON UPDATE CASCADE,
  CONSTRAINT `articles_ibfk_155` FOREIGN KEY (`UserId`) REFERENCES `users` (`id`) ON DELETE SET NULL ON UPDATE CASCADE,
  CONSTRAINT `articles_ibfk_156` FOREIGN KEY (`ArticleTypeId`) REFERENCES `articletypes` (`id`) ON DELETE SET NULL ON UPDATE CASCADE,
  CONSTRAINT `articles_ibfk_157` FOREIGN KEY (`LabelId`) REFERENCES `labels` (`id`) ON DELETE SET NULL ON UPDATE CASCADE,
  CONSTRAINT `articles_ibfk_158` FOREIGN KEY (`UserId`) REFERENCES `users` (`id`) ON DELETE SET NULL ON UPDATE CASCADE,
  CONSTRAINT `articles_ibfk_159` FOREIGN KEY (`ArticleTypeId`) REFERENCES `articletypes` (`id`) ON DELETE SET NULL ON UPDATE CASCADE,
  CONSTRAINT `articles_ibfk_16` FOREIGN KEY (`UserId`) REFERENCES `users` (`id`) ON DELETE SET NULL ON UPDATE CASCADE,
  CONSTRAINT `articles_ibfk_160` FOREIGN KEY (`LabelId`) REFERENCES `labels` (`id`) ON DELETE SET NULL ON UPDATE CASCADE,
  CONSTRAINT `articles_ibfk_161` FOREIGN KEY (`UserId`) REFERENCES `users` (`id`) ON DELETE SET NULL ON UPDATE CASCADE,
  CONSTRAINT `articles_ibfk_162` FOREIGN KEY (`ArticleTypeId`) REFERENCES `articletypes` (`id`) ON DELETE SET NULL ON UPDATE CASCADE,
  CONSTRAINT `articles_ibfk_163` FOREIGN KEY (`LabelId`) REFERENCES `labels` (`id`) ON DELETE SET NULL ON UPDATE CASCADE,
  CONSTRAINT `articles_ibfk_164` FOREIGN KEY (`UserId`) REFERENCES `users` (`id`) ON DELETE SET NULL ON UPDATE CASCADE,
  CONSTRAINT `articles_ibfk_165` FOREIGN KEY (`ArticleTypeId`) REFERENCES `articletypes` (`id`) ON DELETE SET NULL ON UPDATE CASCADE,
  CONSTRAINT `articles_ibfk_166` FOREIGN KEY (`LabelId`) REFERENCES `labels` (`id`) ON DELETE SET NULL ON UPDATE CASCADE,
  CONSTRAINT `articles_ibfk_167` FOREIGN KEY (`UserId`) REFERENCES `users` (`id`) ON DELETE SET NULL ON UPDATE CASCADE,
  CONSTRAINT `articles_ibfk_168` FOREIGN KEY (`ArticleTypeId`) REFERENCES `articletypes` (`id`) ON DELETE SET NULL ON UPDATE CASCADE,
  CONSTRAINT `articles_ibfk_169` FOREIGN KEY (`LabelId`) REFERENCES `labels` (`id`) ON DELETE SET NULL ON UPDATE CASCADE,
  CONSTRAINT `articles_ibfk_17` FOREIGN KEY (`ArticleTypeId`) REFERENCES `articletypes` (`id`) ON DELETE SET NULL ON UPDATE CASCADE,
  CONSTRAINT `articles_ibfk_170` FOREIGN KEY (`UserId`) REFERENCES `users` (`id`) ON DELETE SET NULL ON UPDATE CASCADE,
  CONSTRAINT `articles_ibfk_171` FOREIGN KEY (`ArticleTypeId`) REFERENCES `articletypes` (`id`) ON DELETE SET NULL ON UPDATE CASCADE,
  CONSTRAINT `articles_ibfk_172` FOREIGN KEY (`LabelId`) REFERENCES `labels` (`id`) ON DELETE SET NULL ON UPDATE CASCADE,
  CONSTRAINT `articles_ibfk_173` FOREIGN KEY (`UserId`) REFERENCES `users` (`id`) ON DELETE SET NULL ON UPDATE CASCADE,
  CONSTRAINT `articles_ibfk_174` FOREIGN KEY (`ArticleTypeId`) REFERENCES `articletypes` (`id`) ON DELETE SET NULL ON UPDATE CASCADE,
  CONSTRAINT `articles_ibfk_175` FOREIGN KEY (`LabelId`) REFERENCES `labels` (`id`) ON DELETE SET NULL ON UPDATE CASCADE,
  CONSTRAINT `articles_ibfk_176` FOREIGN KEY (`UserId`) REFERENCES `users` (`id`) ON DELETE SET NULL ON UPDATE CASCADE,
  CONSTRAINT `articles_ibfk_177` FOREIGN KEY (`ArticleTypeId`) REFERENCES `articletypes` (`id`) ON DELETE SET NULL ON UPDATE CASCADE,
  CONSTRAINT `articles_ibfk_178` FOREIGN KEY (`LabelId`) REFERENCES `labels` (`id`) ON DELETE SET NULL ON UPDATE CASCADE,
  CONSTRAINT `articles_ibfk_179` FOREIGN KEY (`UserId`) REFERENCES `users` (`id`) ON DELETE SET NULL ON UPDATE CASCADE,
  CONSTRAINT `articles_ibfk_18` FOREIGN KEY (`LabelId`) REFERENCES `labels` (`id`) ON DELETE SET NULL ON UPDATE CASCADE,
  CONSTRAINT `articles_ibfk_180` FOREIGN KEY (`ArticleTypeId`) REFERENCES `articletypes` (`id`) ON DELETE SET NULL ON UPDATE CASCADE,
  CONSTRAINT `articles_ibfk_181` FOREIGN KEY (`LabelId`) REFERENCES `labels` (`id`) ON DELETE SET NULL ON UPDATE CASCADE,
  CONSTRAINT `articles_ibfk_182` FOREIGN KEY (`UserId`) REFERENCES `users` (`id`) ON DELETE SET NULL ON UPDATE CASCADE,
  CONSTRAINT `articles_ibfk_183` FOREIGN KEY (`ArticleTypeId`) REFERENCES `articletypes` (`id`) ON DELETE SET NULL ON UPDATE CASCADE,
  CONSTRAINT `articles_ibfk_184` FOREIGN KEY (`LabelId`) REFERENCES `labels` (`id`) ON DELETE SET NULL ON UPDATE CASCADE,
  CONSTRAINT `articles_ibfk_185` FOREIGN KEY (`UserId`) REFERENCES `users` (`id`) ON DELETE SET NULL ON UPDATE CASCADE,
  CONSTRAINT `articles_ibfk_186` FOREIGN KEY (`ArticleTypeId`) REFERENCES `articletypes` (`id`) ON DELETE SET NULL ON UPDATE CASCADE,
  CONSTRAINT `articles_ibfk_187` FOREIGN KEY (`LabelId`) REFERENCES `labels` (`id`) ON DELETE SET NULL ON UPDATE CASCADE,
  CONSTRAINT `articles_ibfk_188` FOREIGN KEY (`UserId`) REFERENCES `users` (`id`) ON DELETE SET NULL ON UPDATE CASCADE,
  CONSTRAINT `articles_ibfk_189` FOREIGN KEY (`ArticleTypeId`) REFERENCES `articletypes` (`id`) ON DELETE SET NULL ON UPDATE CASCADE,
  CONSTRAINT `articles_ibfk_19` FOREIGN KEY (`UserId`) REFERENCES `users` (`id`) ON DELETE SET NULL ON UPDATE CASCADE,
  CONSTRAINT `articles_ibfk_190` FOREIGN KEY (`LabelId`) REFERENCES `labels` (`id`) ON DELETE SET NULL ON UPDATE CASCADE,
  CONSTRAINT `articles_ibfk_191` FOREIGN KEY (`UserId`) REFERENCES `users` (`id`) ON DELETE SET NULL ON UPDATE CASCADE,
  CONSTRAINT `articles_ibfk_192` FOREIGN KEY (`ArticleTypeId`) REFERENCES `articletypes` (`id`) ON DELETE SET NULL ON UPDATE CASCADE,
  CONSTRAINT `articles_ibfk_193` FOREIGN KEY (`LabelId`) REFERENCES `labels` (`id`) ON DELETE SET NULL ON UPDATE CASCADE,
  CONSTRAINT `articles_ibfk_194` FOREIGN KEY (`UserId`) REFERENCES `users` (`id`) ON DELETE SET NULL ON UPDATE CASCADE,
  CONSTRAINT `articles_ibfk_195` FOREIGN KEY (`ArticleTypeId`) REFERENCES `articletypes` (`id`) ON DELETE SET NULL ON UPDATE CASCADE,
  CONSTRAINT `articles_ibfk_196` FOREIGN KEY (`LabelId`) REFERENCES `labels` (`id`) ON DELETE SET NULL ON UPDATE CASCADE,
  CONSTRAINT `articles_ibfk_197` FOREIGN KEY (`UserId`) REFERENCES `users` (`id`) ON DELETE SET NULL ON UPDATE CASCADE,
  CONSTRAINT `articles_ibfk_198` FOREIGN KEY (`ArticleTypeId`) REFERENCES `articletypes` (`id`) ON DELETE SET NULL ON UPDATE CASCADE,
  CONSTRAINT `articles_ibfk_199` FOREIGN KEY (`LabelId`) REFERENCES `labels` (`id`) ON DELETE SET NULL ON UPDATE CASCADE,
  CONSTRAINT `articles_ibfk_2` FOREIGN KEY (`ArticleTypeId`) REFERENCES `articletypes` (`id`) ON DELETE SET NULL ON UPDATE CASCADE,
  CONSTRAINT `articles_ibfk_20` FOREIGN KEY (`ArticleTypeId`) REFERENCES `articletypes` (`id`) ON DELETE SET NULL ON UPDATE CASCADE,
  CONSTRAINT `articles_ibfk_200` FOREIGN KEY (`UserId`) REFERENCES `users` (`id`) ON DELETE SET NULL ON UPDATE CASCADE,
  CONSTRAINT `articles_ibfk_201` FOREIGN KEY (`ArticleTypeId`) REFERENCES `articletypes` (`id`) ON DELETE SET NULL ON UPDATE CASCADE,
  CONSTRAINT `articles_ibfk_202` FOREIGN KEY (`LabelId`) REFERENCES `labels` (`id`) ON DELETE SET NULL ON UPDATE CASCADE,
  CONSTRAINT `articles_ibfk_203` FOREIGN KEY (`UserId`) REFERENCES `users` (`id`) ON DELETE SET NULL ON UPDATE CASCADE,
  CONSTRAINT `articles_ibfk_204` FOREIGN KEY (`ArticleTypeId`) REFERENCES `articletypes` (`id`) ON DELETE SET NULL ON UPDATE CASCADE,
  CONSTRAINT `articles_ibfk_205` FOREIGN KEY (`LabelId`) REFERENCES `labels` (`id`) ON DELETE SET NULL ON UPDATE CASCADE,
  CONSTRAINT `articles_ibfk_206` FOREIGN KEY (`UserId`) REFERENCES `users` (`id`) ON DELETE SET NULL ON UPDATE CASCADE,
  CONSTRAINT `articles_ibfk_207` FOREIGN KEY (`ArticleTypeId`) REFERENCES `articletypes` (`id`) ON DELETE SET NULL ON UPDATE CASCADE,
  CONSTRAINT `articles_ibfk_208` FOREIGN KEY (`LabelId`) REFERENCES `labels` (`id`) ON DELETE SET NULL ON UPDATE CASCADE,
  CONSTRAINT `articles_ibfk_209` FOREIGN KEY (`UserId`) REFERENCES `users` (`id`) ON DELETE SET NULL ON UPDATE CASCADE,
  CONSTRAINT `articles_ibfk_21` FOREIGN KEY (`LabelId`) REFERENCES `labels` (`id`) ON DELETE SET NULL ON UPDATE CASCADE,
  CONSTRAINT `articles_ibfk_210` FOREIGN KEY (`ArticleTypeId`) REFERENCES `articletypes` (`id`) ON DELETE SET NULL ON UPDATE CASCADE,
  CONSTRAINT `articles_ibfk_211` FOREIGN KEY (`LabelId`) REFERENCES `labels` (`id`) ON DELETE SET NULL ON UPDATE CASCADE,
  CONSTRAINT `articles_ibfk_212` FOREIGN KEY (`UserId`) REFERENCES `users` (`id`) ON DELETE SET NULL ON UPDATE CASCADE,
  CONSTRAINT `articles_ibfk_213` FOREIGN KEY (`ArticleTypeId`) REFERENCES `articletypes` (`id`) ON DELETE SET NULL ON UPDATE CASCADE,
  CONSTRAINT `articles_ibfk_214` FOREIGN KEY (`LabelId`) REFERENCES `labels` (`id`) ON DELETE SET NULL ON UPDATE CASCADE,
  CONSTRAINT `articles_ibfk_215` FOREIGN KEY (`UserId`) REFERENCES `users` (`id`) ON DELETE SET NULL ON UPDATE CASCADE,
  CONSTRAINT `articles_ibfk_216` FOREIGN KEY (`ArticleTypeId`) REFERENCES `articletypes` (`id`) ON DELETE SET NULL ON UPDATE CASCADE,
  CONSTRAINT `articles_ibfk_217` FOREIGN KEY (`LabelId`) REFERENCES `labels` (`id`) ON DELETE SET NULL ON UPDATE CASCADE,
  CONSTRAINT `articles_ibfk_218` FOREIGN KEY (`UserId`) REFERENCES `users` (`id`) ON DELETE SET NULL ON UPDATE CASCADE,
  CONSTRAINT `articles_ibfk_219` FOREIGN KEY (`ArticleTypeId`) REFERENCES `articletypes` (`id`) ON DELETE SET NULL ON UPDATE CASCADE,
  CONSTRAINT `articles_ibfk_22` FOREIGN KEY (`UserId`) REFERENCES `users` (`id`) ON DELETE SET NULL ON UPDATE CASCADE,
  CONSTRAINT `articles_ibfk_220` FOREIGN KEY (`LabelId`) REFERENCES `labels` (`id`) ON DELETE SET NULL ON UPDATE CASCADE,
  CONSTRAINT `articles_ibfk_221` FOREIGN KEY (`UserId`) REFERENCES `users` (`id`) ON DELETE SET NULL ON UPDATE CASCADE,
  CONSTRAINT `articles_ibfk_222` FOREIGN KEY (`ArticleTypeId`) REFERENCES `articletypes` (`id`) ON DELETE SET NULL ON UPDATE CASCADE,
  CONSTRAINT `articles_ibfk_223` FOREIGN KEY (`LabelId`) REFERENCES `labels` (`id`) ON DELETE SET NULL ON UPDATE CASCADE,
  CONSTRAINT `articles_ibfk_224` FOREIGN KEY (`UserId`) REFERENCES `users` (`id`) ON DELETE SET NULL ON UPDATE CASCADE,
  CONSTRAINT `articles_ibfk_225` FOREIGN KEY (`ArticleTypeId`) REFERENCES `articletypes` (`id`) ON DELETE SET NULL ON UPDATE CASCADE,
  CONSTRAINT `articles_ibfk_226` FOREIGN KEY (`LabelId`) REFERENCES `labels` (`id`) ON DELETE SET NULL ON UPDATE CASCADE,
  CONSTRAINT `articles_ibfk_227` FOREIGN KEY (`UserId`) REFERENCES `users` (`id`) ON DELETE SET NULL ON UPDATE CASCADE,
  CONSTRAINT `articles_ibfk_228` FOREIGN KEY (`ArticleTypeId`) REFERENCES `articletypes` (`id`) ON DELETE SET NULL ON UPDATE CASCADE,
  CONSTRAINT `articles_ibfk_229` FOREIGN KEY (`LabelId`) REFERENCES `labels` (`id`) ON DELETE SET NULL ON UPDATE CASCADE,
  CONSTRAINT `articles_ibfk_23` FOREIGN KEY (`ArticleTypeId`) REFERENCES `articletypes` (`id`) ON DELETE SET NULL ON UPDATE CASCADE,
  CONSTRAINT `articles_ibfk_230` FOREIGN KEY (`UserId`) REFERENCES `users` (`id`) ON DELETE SET NULL ON UPDATE CASCADE,
  CONSTRAINT `articles_ibfk_231` FOREIGN KEY (`ArticleTypeId`) REFERENCES `articletypes` (`id`) ON DELETE SET NULL ON UPDATE CASCADE,
  CONSTRAINT `articles_ibfk_232` FOREIGN KEY (`LabelId`) REFERENCES `labels` (`id`) ON DELETE SET NULL ON UPDATE CASCADE,
  CONSTRAINT `articles_ibfk_233` FOREIGN KEY (`UserId`) REFERENCES `users` (`id`) ON DELETE SET NULL ON UPDATE CASCADE,
  CONSTRAINT `articles_ibfk_234` FOREIGN KEY (`ArticleTypeId`) REFERENCES `articletypes` (`id`) ON DELETE SET NULL ON UPDATE CASCADE,
  CONSTRAINT `articles_ibfk_235` FOREIGN KEY (`LabelId`) REFERENCES `labels` (`id`) ON DELETE SET NULL ON UPDATE CASCADE,
  CONSTRAINT `articles_ibfk_236` FOREIGN KEY (`UserId`) REFERENCES `users` (`id`) ON DELETE SET NULL ON UPDATE CASCADE,
  CONSTRAINT `articles_ibfk_237` FOREIGN KEY (`ArticleTypeId`) REFERENCES `articletypes` (`id`) ON DELETE SET NULL ON UPDATE CASCADE,
  CONSTRAINT `articles_ibfk_238` FOREIGN KEY (`LabelId`) REFERENCES `labels` (`id`) ON DELETE SET NULL ON UPDATE CASCADE,
  CONSTRAINT `articles_ibfk_239` FOREIGN KEY (`UserId`) REFERENCES `users` (`id`) ON DELETE SET NULL ON UPDATE CASCADE,
  CONSTRAINT `articles_ibfk_24` FOREIGN KEY (`LabelId`) REFERENCES `labels` (`id`) ON DELETE SET NULL ON UPDATE CASCADE,
  CONSTRAINT `articles_ibfk_240` FOREIGN KEY (`ArticleTypeId`) REFERENCES `articletypes` (`id`) ON DELETE SET NULL ON UPDATE CASCADE,
  CONSTRAINT `articles_ibfk_241` FOREIGN KEY (`LabelId`) REFERENCES `labels` (`id`) ON DELETE SET NULL ON UPDATE CASCADE,
  CONSTRAINT `articles_ibfk_242` FOREIGN KEY (`UserId`) REFERENCES `users` (`id`) ON DELETE SET NULL ON UPDATE CASCADE,
  CONSTRAINT `articles_ibfk_243` FOREIGN KEY (`ArticleTypeId`) REFERENCES `articletypes` (`id`) ON DELETE SET NULL ON UPDATE CASCADE,
  CONSTRAINT `articles_ibfk_244` FOREIGN KEY (`LabelId`) REFERENCES `labels` (`id`) ON DELETE SET NULL ON UPDATE CASCADE,
  CONSTRAINT `articles_ibfk_245` FOREIGN KEY (`UserId`) REFERENCES `users` (`id`) ON DELETE SET NULL ON UPDATE CASCADE,
  CONSTRAINT `articles_ibfk_246` FOREIGN KEY (`ArticleTypeId`) REFERENCES `articletypes` (`id`) ON DELETE SET NULL ON UPDATE CASCADE,
  CONSTRAINT `articles_ibfk_247` FOREIGN KEY (`LabelId`) REFERENCES `labels` (`id`) ON DELETE SET NULL ON UPDATE CASCADE,
  CONSTRAINT `articles_ibfk_248` FOREIGN KEY (`UserId`) REFERENCES `users` (`id`) ON DELETE SET NULL ON UPDATE CASCADE,
  CONSTRAINT `articles_ibfk_249` FOREIGN KEY (`ArticleTypeId`) REFERENCES `articletypes` (`id`) ON DELETE SET NULL ON UPDATE CASCADE,
  CONSTRAINT `articles_ibfk_25` FOREIGN KEY (`UserId`) REFERENCES `users` (`id`) ON DELETE SET NULL ON UPDATE CASCADE,
  CONSTRAINT `articles_ibfk_250` FOREIGN KEY (`LabelId`) REFERENCES `labels` (`id`) ON DELETE SET NULL ON UPDATE CASCADE,
  CONSTRAINT `articles_ibfk_251` FOREIGN KEY (`UserId`) REFERENCES `users` (`id`) ON DELETE SET NULL ON UPDATE CASCADE,
  CONSTRAINT `articles_ibfk_252` FOREIGN KEY (`ArticleTypeId`) REFERENCES `articletypes` (`id`) ON DELETE SET NULL ON UPDATE CASCADE,
  CONSTRAINT `articles_ibfk_253` FOREIGN KEY (`LabelId`) REFERENCES `labels` (`id`) ON DELETE SET NULL ON UPDATE CASCADE,
  CONSTRAINT `articles_ibfk_254` FOREIGN KEY (`UserId`) REFERENCES `users` (`id`) ON DELETE SET NULL ON UPDATE CASCADE,
  CONSTRAINT `articles_ibfk_255` FOREIGN KEY (`ArticleTypeId`) REFERENCES `articletypes` (`id`) ON DELETE SET NULL ON UPDATE CASCADE,
  CONSTRAINT `articles_ibfk_256` FOREIGN KEY (`LabelId`) REFERENCES `labels` (`id`) ON DELETE SET NULL ON UPDATE CASCADE,
  CONSTRAINT `articles_ibfk_257` FOREIGN KEY (`UserId`) REFERENCES `users` (`id`) ON DELETE SET NULL ON UPDATE CASCADE,
  CONSTRAINT `articles_ibfk_258` FOREIGN KEY (`ArticleTypeId`) REFERENCES `articletypes` (`id`) ON DELETE SET NULL ON UPDATE CASCADE,
  CONSTRAINT `articles_ibfk_259` FOREIGN KEY (`LabelId`) REFERENCES `labels` (`id`) ON DELETE SET NULL ON UPDATE CASCADE,
  CONSTRAINT `articles_ibfk_26` FOREIGN KEY (`ArticleTypeId`) REFERENCES `articletypes` (`id`) ON DELETE SET NULL ON UPDATE CASCADE,
  CONSTRAINT `articles_ibfk_260` FOREIGN KEY (`UserId`) REFERENCES `users` (`id`) ON DELETE SET NULL ON UPDATE CASCADE,
  CONSTRAINT `articles_ibfk_261` FOREIGN KEY (`ArticleTypeId`) REFERENCES `articletypes` (`id`) ON DELETE SET NULL ON UPDATE CASCADE,
  CONSTRAINT `articles_ibfk_262` FOREIGN KEY (`LabelId`) REFERENCES `labels` (`id`) ON DELETE SET NULL ON UPDATE CASCADE,
  CONSTRAINT `articles_ibfk_263` FOREIGN KEY (`UserId`) REFERENCES `users` (`id`) ON DELETE SET NULL ON UPDATE CASCADE,
  CONSTRAINT `articles_ibfk_264` FOREIGN KEY (`ArticleTypeId`) REFERENCES `articletypes` (`id`) ON DELETE SET NULL ON UPDATE CASCADE,
  CONSTRAINT `articles_ibfk_265` FOREIGN KEY (`LabelId`) REFERENCES `labels` (`id`) ON DELETE SET NULL ON UPDATE CASCADE,
  CONSTRAINT `articles_ibfk_266` FOREIGN KEY (`UserId`) REFERENCES `users` (`id`) ON DELETE SET NULL ON UPDATE CASCADE,
  CONSTRAINT `articles_ibfk_267` FOREIGN KEY (`ArticleTypeId`) REFERENCES `articletypes` (`id`) ON DELETE SET NULL ON UPDATE CASCADE,
  CONSTRAINT `articles_ibfk_268` FOREIGN KEY (`LabelId`) REFERENCES `labels` (`id`) ON DELETE SET NULL ON UPDATE CASCADE,
  CONSTRAINT `articles_ibfk_269` FOREIGN KEY (`UserId`) REFERENCES `users` (`id`) ON DELETE SET NULL ON UPDATE CASCADE,
  CONSTRAINT `articles_ibfk_27` FOREIGN KEY (`LabelId`) REFERENCES `labels` (`id`) ON DELETE SET NULL ON UPDATE CASCADE,
  CONSTRAINT `articles_ibfk_270` FOREIGN KEY (`ArticleTypeId`) REFERENCES `articletypes` (`id`) ON DELETE SET NULL ON UPDATE CASCADE,
  CONSTRAINT `articles_ibfk_271` FOREIGN KEY (`LabelId`) REFERENCES `labels` (`id`) ON DELETE SET NULL ON UPDATE CASCADE,
  CONSTRAINT `articles_ibfk_272` FOREIGN KEY (`UserId`) REFERENCES `users` (`id`) ON DELETE SET NULL ON UPDATE CASCADE,
  CONSTRAINT `articles_ibfk_273` FOREIGN KEY (`ArticleTypeId`) REFERENCES `articletypes` (`id`) ON DELETE SET NULL ON UPDATE CASCADE,
  CONSTRAINT `articles_ibfk_274` FOREIGN KEY (`LabelId`) REFERENCES `labels` (`id`) ON DELETE SET NULL ON UPDATE CASCADE,
  CONSTRAINT `articles_ibfk_275` FOREIGN KEY (`UserId`) REFERENCES `users` (`id`) ON DELETE SET NULL ON UPDATE CASCADE,
  CONSTRAINT `articles_ibfk_276` FOREIGN KEY (`ArticleTypeId`) REFERENCES `articletypes` (`id`) ON DELETE SET NULL ON UPDATE CASCADE,
  CONSTRAINT `articles_ibfk_277` FOREIGN KEY (`LabelId`) REFERENCES `labels` (`id`) ON DELETE SET NULL ON UPDATE CASCADE,
  CONSTRAINT `articles_ibfk_278` FOREIGN KEY (`UserId`) REFERENCES `users` (`id`) ON DELETE SET NULL ON UPDATE CASCADE,
  CONSTRAINT `articles_ibfk_279` FOREIGN KEY (`ArticleTypeId`) REFERENCES `articletypes` (`id`) ON DELETE SET NULL ON UPDATE CASCADE,
  CONSTRAINT `articles_ibfk_28` FOREIGN KEY (`UserId`) REFERENCES `users` (`id`) ON DELETE SET NULL ON UPDATE CASCADE,
  CONSTRAINT `articles_ibfk_280` FOREIGN KEY (`LabelId`) REFERENCES `labels` (`id`) ON DELETE SET NULL ON UPDATE CASCADE,
  CONSTRAINT `articles_ibfk_281` FOREIGN KEY (`UserId`) REFERENCES `users` (`id`) ON DELETE SET NULL ON UPDATE CASCADE,
  CONSTRAINT `articles_ibfk_282` FOREIGN KEY (`ArticleTypeId`) REFERENCES `articletypes` (`id`) ON DELETE SET NULL ON UPDATE CASCADE,
  CONSTRAINT `articles_ibfk_283` FOREIGN KEY (`LabelId`) REFERENCES `labels` (`id`) ON DELETE SET NULL ON UPDATE CASCADE,
  CONSTRAINT `articles_ibfk_284` FOREIGN KEY (`UserId`) REFERENCES `users` (`id`) ON DELETE SET NULL ON UPDATE CASCADE,
  CONSTRAINT `articles_ibfk_285` FOREIGN KEY (`ArticleTypeId`) REFERENCES `articletypes` (`id`) ON DELETE SET NULL ON UPDATE CASCADE,
  CONSTRAINT `articles_ibfk_286` FOREIGN KEY (`LabelId`) REFERENCES `labels` (`id`) ON DELETE SET NULL ON UPDATE CASCADE,
  CONSTRAINT `articles_ibfk_287` FOREIGN KEY (`UserId`) REFERENCES `users` (`id`) ON DELETE SET NULL ON UPDATE CASCADE,
  CONSTRAINT `articles_ibfk_288` FOREIGN KEY (`ArticleTypeId`) REFERENCES `articletypes` (`id`) ON DELETE SET NULL ON UPDATE CASCADE,
  CONSTRAINT `articles_ibfk_289` FOREIGN KEY (`LabelId`) REFERENCES `labels` (`id`) ON DELETE SET NULL ON UPDATE CASCADE,
  CONSTRAINT `articles_ibfk_29` FOREIGN KEY (`ArticleTypeId`) REFERENCES `articletypes` (`id`) ON DELETE SET NULL ON UPDATE CASCADE,
  CONSTRAINT `articles_ibfk_290` FOREIGN KEY (`UserId`) REFERENCES `users` (`id`) ON DELETE SET NULL ON UPDATE CASCADE,
  CONSTRAINT `articles_ibfk_291` FOREIGN KEY (`ArticleTypeId`) REFERENCES `articletypes` (`id`) ON DELETE SET NULL ON UPDATE CASCADE,
  CONSTRAINT `articles_ibfk_292` FOREIGN KEY (`LabelId`) REFERENCES `labels` (`id`) ON DELETE SET NULL ON UPDATE CASCADE,
  CONSTRAINT `articles_ibfk_293` FOREIGN KEY (`UserId`) REFERENCES `users` (`id`) ON DELETE SET NULL ON UPDATE CASCADE,
  CONSTRAINT `articles_ibfk_294` FOREIGN KEY (`ArticleTypeId`) REFERENCES `articletypes` (`id`) ON DELETE SET NULL ON UPDATE CASCADE,
  CONSTRAINT `articles_ibfk_295` FOREIGN KEY (`LabelId`) REFERENCES `labels` (`id`) ON DELETE SET NULL ON UPDATE CASCADE,
  CONSTRAINT `articles_ibfk_296` FOREIGN KEY (`UserId`) REFERENCES `users` (`id`) ON DELETE SET NULL ON UPDATE CASCADE,
  CONSTRAINT `articles_ibfk_297` FOREIGN KEY (`ArticleTypeId`) REFERENCES `articletypes` (`id`) ON DELETE SET NULL ON UPDATE CASCADE,
  CONSTRAINT `articles_ibfk_298` FOREIGN KEY (`LabelId`) REFERENCES `labels` (`id`) ON DELETE SET NULL ON UPDATE CASCADE,
  CONSTRAINT `articles_ibfk_299` FOREIGN KEY (`UserId`) REFERENCES `users` (`id`) ON DELETE SET NULL ON UPDATE CASCADE,
  CONSTRAINT `articles_ibfk_3` FOREIGN KEY (`LabelId`) REFERENCES `labels` (`id`) ON DELETE SET NULL ON UPDATE CASCADE,
  CONSTRAINT `articles_ibfk_30` FOREIGN KEY (`LabelId`) REFERENCES `labels` (`id`) ON DELETE SET NULL ON UPDATE CASCADE,
  CONSTRAINT `articles_ibfk_300` FOREIGN KEY (`ArticleTypeId`) REFERENCES `articletypes` (`id`) ON DELETE SET NULL ON UPDATE CASCADE,
  CONSTRAINT `articles_ibfk_301` FOREIGN KEY (`LabelId`) REFERENCES `labels` (`id`) ON DELETE SET NULL ON UPDATE CASCADE,
  CONSTRAINT `articles_ibfk_302` FOREIGN KEY (`UserId`) REFERENCES `users` (`id`) ON DELETE SET NULL ON UPDATE CASCADE,
  CONSTRAINT `articles_ibfk_303` FOREIGN KEY (`ArticleTypeId`) REFERENCES `articletypes` (`id`) ON DELETE SET NULL ON UPDATE CASCADE,
  CONSTRAINT `articles_ibfk_304` FOREIGN KEY (`LabelId`) REFERENCES `labels` (`id`) ON DELETE SET NULL ON UPDATE CASCADE,
  CONSTRAINT `articles_ibfk_305` FOREIGN KEY (`UserId`) REFERENCES `users` (`id`) ON DELETE SET NULL ON UPDATE CASCADE,
  CONSTRAINT `articles_ibfk_306` FOREIGN KEY (`ArticleTypeId`) REFERENCES `articletypes` (`id`) ON DELETE SET NULL ON UPDATE CASCADE,
  CONSTRAINT `articles_ibfk_307` FOREIGN KEY (`LabelId`) REFERENCES `labels` (`id`) ON DELETE SET NULL ON UPDATE CASCADE,
  CONSTRAINT `articles_ibfk_308` FOREIGN KEY (`UserId`) REFERENCES `users` (`id`) ON DELETE SET NULL ON UPDATE CASCADE,
  CONSTRAINT `articles_ibfk_309` FOREIGN KEY (`ArticleTypeId`) REFERENCES `articletypes` (`id`) ON DELETE SET NULL ON UPDATE CASCADE,
  CONSTRAINT `articles_ibfk_31` FOREIGN KEY (`UserId`) REFERENCES `users` (`id`) ON DELETE SET NULL ON UPDATE CASCADE,
  CONSTRAINT `articles_ibfk_310` FOREIGN KEY (`LabelId`) REFERENCES `labels` (`id`) ON DELETE SET NULL ON UPDATE CASCADE,
  CONSTRAINT `articles_ibfk_311` FOREIGN KEY (`UserId`) REFERENCES `users` (`id`) ON DELETE SET NULL ON UPDATE CASCADE,
  CONSTRAINT `articles_ibfk_312` FOREIGN KEY (`ArticleTypeId`) REFERENCES `articletypes` (`id`) ON DELETE SET NULL ON UPDATE CASCADE,
  CONSTRAINT `articles_ibfk_313` FOREIGN KEY (`LabelId`) REFERENCES `labels` (`id`) ON DELETE SET NULL ON UPDATE CASCADE,
  CONSTRAINT `articles_ibfk_314` FOREIGN KEY (`UserId`) REFERENCES `users` (`id`) ON DELETE SET NULL ON UPDATE CASCADE,
  CONSTRAINT `articles_ibfk_315` FOREIGN KEY (`ArticleTypeId`) REFERENCES `articletypes` (`id`) ON DELETE SET NULL ON UPDATE CASCADE,
  CONSTRAINT `articles_ibfk_316` FOREIGN KEY (`LabelId`) REFERENCES `labels` (`id`) ON DELETE SET NULL ON UPDATE CASCADE,
  CONSTRAINT `articles_ibfk_317` FOREIGN KEY (`UserId`) REFERENCES `users` (`id`) ON DELETE SET NULL ON UPDATE CASCADE,
  CONSTRAINT `articles_ibfk_318` FOREIGN KEY (`ArticleTypeId`) REFERENCES `articletypes` (`id`) ON DELETE SET NULL ON UPDATE CASCADE,
  CONSTRAINT `articles_ibfk_319` FOREIGN KEY (`LabelId`) REFERENCES `labels` (`id`) ON DELETE SET NULL ON UPDATE CASCADE,
  CONSTRAINT `articles_ibfk_32` FOREIGN KEY (`ArticleTypeId`) REFERENCES `articletypes` (`id`) ON DELETE SET NULL ON UPDATE CASCADE,
  CONSTRAINT `articles_ibfk_320` FOREIGN KEY (`UserId`) REFERENCES `users` (`id`) ON DELETE SET NULL ON UPDATE CASCADE,
  CONSTRAINT `articles_ibfk_321` FOREIGN KEY (`ArticleTypeId`) REFERENCES `articletypes` (`id`) ON DELETE SET NULL ON UPDATE CASCADE,
  CONSTRAINT `articles_ibfk_322` FOREIGN KEY (`LabelId`) REFERENCES `labels` (`id`) ON DELETE SET NULL ON UPDATE CASCADE,
  CONSTRAINT `articles_ibfk_323` FOREIGN KEY (`UserId`) REFERENCES `users` (`id`) ON DELETE SET NULL ON UPDATE CASCADE,
  CONSTRAINT `articles_ibfk_324` FOREIGN KEY (`UserId`) REFERENCES `users` (`id`) ON DELETE SET NULL ON UPDATE CASCADE,
  CONSTRAINT `articles_ibfk_325` FOREIGN KEY (`ArticleTypeId`) REFERENCES `articletypes` (`id`) ON DELETE SET NULL ON UPDATE CASCADE,
  CONSTRAINT `articles_ibfk_326` FOREIGN KEY (`LabelId`) REFERENCES `labels` (`id`) ON DELETE SET NULL ON UPDATE CASCADE,
  CONSTRAINT `articles_ibfk_327` FOREIGN KEY (`UserId`) REFERENCES `users` (`id`) ON DELETE SET NULL ON UPDATE CASCADE,
  CONSTRAINT `articles_ibfk_328` FOREIGN KEY (`ArticleTypeId`) REFERENCES `articletypes` (`id`) ON DELETE SET NULL ON UPDATE CASCADE,
  CONSTRAINT `articles_ibfk_329` FOREIGN KEY (`LabelId`) REFERENCES `labels` (`id`) ON DELETE SET NULL ON UPDATE CASCADE,
  CONSTRAINT `articles_ibfk_33` FOREIGN KEY (`LabelId`) REFERENCES `labels` (`id`) ON DELETE SET NULL ON UPDATE CASCADE,
  CONSTRAINT `articles_ibfk_330` FOREIGN KEY (`UserId`) REFERENCES `users` (`id`) ON DELETE SET NULL ON UPDATE CASCADE,
  CONSTRAINT `articles_ibfk_331` FOREIGN KEY (`ArticleTypeId`) REFERENCES `articletypes` (`id`) ON DELETE SET NULL ON UPDATE CASCADE,
  CONSTRAINT `articles_ibfk_332` FOREIGN KEY (`LabelId`) REFERENCES `labels` (`id`) ON DELETE SET NULL ON UPDATE CASCADE,
  CONSTRAINT `articles_ibfk_333` FOREIGN KEY (`UserId`) REFERENCES `users` (`id`) ON DELETE SET NULL ON UPDATE CASCADE,
  CONSTRAINT `articles_ibfk_334` FOREIGN KEY (`ArticleTypeId`) REFERENCES `articletypes` (`id`) ON DELETE SET NULL ON UPDATE CASCADE,
  CONSTRAINT `articles_ibfk_335` FOREIGN KEY (`LabelId`) REFERENCES `labels` (`id`) ON DELETE SET NULL ON UPDATE CASCADE,
  CONSTRAINT `articles_ibfk_336` FOREIGN KEY (`UserId`) REFERENCES `users` (`id`) ON DELETE SET NULL ON UPDATE CASCADE,
  CONSTRAINT `articles_ibfk_337` FOREIGN KEY (`ArticleTypeId`) REFERENCES `articletypes` (`id`) ON DELETE SET NULL ON UPDATE CASCADE,
  CONSTRAINT `articles_ibfk_338` FOREIGN KEY (`LabelId`) REFERENCES `labels` (`id`) ON DELETE SET NULL ON UPDATE CASCADE,
  CONSTRAINT `articles_ibfk_339` FOREIGN KEY (`UserId`) REFERENCES `users` (`id`) ON DELETE SET NULL ON UPDATE CASCADE,
  CONSTRAINT `articles_ibfk_34` FOREIGN KEY (`UserId`) REFERENCES `users` (`id`) ON DELETE SET NULL ON UPDATE CASCADE,
  CONSTRAINT `articles_ibfk_340` FOREIGN KEY (`ArticleTypeId`) REFERENCES `articletypes` (`id`) ON DELETE SET NULL ON UPDATE CASCADE,
  CONSTRAINT `articles_ibfk_341` FOREIGN KEY (`LabelId`) REFERENCES `labels` (`id`) ON DELETE SET NULL ON UPDATE CASCADE,
  CONSTRAINT `articles_ibfk_342` FOREIGN KEY (`UserId`) REFERENCES `users` (`id`) ON DELETE SET NULL ON UPDATE CASCADE,
  CONSTRAINT `articles_ibfk_343` FOREIGN KEY (`ArticleTypeId`) REFERENCES `articletypes` (`id`) ON DELETE SET NULL ON UPDATE CASCADE,
  CONSTRAINT `articles_ibfk_344` FOREIGN KEY (`LabelId`) REFERENCES `labels` (`id`) ON DELETE SET NULL ON UPDATE CASCADE,
  CONSTRAINT `articles_ibfk_345` FOREIGN KEY (`UserId`) REFERENCES `users` (`id`) ON DELETE SET NULL ON UPDATE CASCADE,
  CONSTRAINT `articles_ibfk_346` FOREIGN KEY (`ArticleTypeId`) REFERENCES `articletypes` (`id`) ON DELETE SET NULL ON UPDATE CASCADE,
  CONSTRAINT `articles_ibfk_347` FOREIGN KEY (`LabelId`) REFERENCES `labels` (`id`) ON DELETE SET NULL ON UPDATE CASCADE,
  CONSTRAINT `articles_ibfk_348` FOREIGN KEY (`UserId`) REFERENCES `users` (`id`) ON DELETE SET NULL ON UPDATE CASCADE,
  CONSTRAINT `articles_ibfk_349` FOREIGN KEY (`ArticleTypeId`) REFERENCES `articletypes` (`id`) ON DELETE SET NULL ON UPDATE CASCADE,
  CONSTRAINT `articles_ibfk_35` FOREIGN KEY (`ArticleTypeId`) REFERENCES `articletypes` (`id`) ON DELETE SET NULL ON UPDATE CASCADE,
  CONSTRAINT `articles_ibfk_350` FOREIGN KEY (`LabelId`) REFERENCES `labels` (`id`) ON DELETE SET NULL ON UPDATE CASCADE,
  CONSTRAINT `articles_ibfk_351` FOREIGN KEY (`UserId`) REFERENCES `users` (`id`) ON DELETE SET NULL ON UPDATE CASCADE,
  CONSTRAINT `articles_ibfk_352` FOREIGN KEY (`ArticleTypeId`) REFERENCES `articletypes` (`id`) ON DELETE SET NULL ON UPDATE CASCADE,
  CONSTRAINT `articles_ibfk_353` FOREIGN KEY (`LabelId`) REFERENCES `labels` (`id`) ON DELETE SET NULL ON UPDATE CASCADE,
  CONSTRAINT `articles_ibfk_354` FOREIGN KEY (`UserId`) REFERENCES `users` (`id`) ON DELETE SET NULL ON UPDATE CASCADE,
  CONSTRAINT `articles_ibfk_355` FOREIGN KEY (`ArticleTypeId`) REFERENCES `articletypes` (`id`) ON DELETE SET NULL ON UPDATE CASCADE,
  CONSTRAINT `articles_ibfk_356` FOREIGN KEY (`LabelId`) REFERENCES `labels` (`id`) ON DELETE SET NULL ON UPDATE CASCADE,
  CONSTRAINT `articles_ibfk_357` FOREIGN KEY (`UserId`) REFERENCES `users` (`id`) ON DELETE SET NULL ON UPDATE CASCADE,
  CONSTRAINT `articles_ibfk_358` FOREIGN KEY (`ArticleTypeId`) REFERENCES `articletypes` (`id`) ON DELETE SET NULL ON UPDATE CASCADE,
  CONSTRAINT `articles_ibfk_359` FOREIGN KEY (`LabelId`) REFERENCES `labels` (`id`) ON DELETE SET NULL ON UPDATE CASCADE,
  CONSTRAINT `articles_ibfk_36` FOREIGN KEY (`LabelId`) REFERENCES `labels` (`id`) ON DELETE SET NULL ON UPDATE CASCADE,
  CONSTRAINT `articles_ibfk_360` FOREIGN KEY (`UserId`) REFERENCES `users` (`id`) ON DELETE SET NULL ON UPDATE CASCADE,
  CONSTRAINT `articles_ibfk_361` FOREIGN KEY (`ArticleTypeId`) REFERENCES `articletypes` (`id`) ON DELETE SET NULL ON UPDATE CASCADE,
  CONSTRAINT `articles_ibfk_362` FOREIGN KEY (`LabelId`) REFERENCES `labels` (`id`) ON DELETE SET NULL ON UPDATE CASCADE,
  CONSTRAINT `articles_ibfk_363` FOREIGN KEY (`UserId`) REFERENCES `users` (`id`) ON DELETE SET NULL ON UPDATE CASCADE,
  CONSTRAINT `articles_ibfk_364` FOREIGN KEY (`ArticleTypeId`) REFERENCES `articletypes` (`id`) ON DELETE SET NULL ON UPDATE CASCADE,
  CONSTRAINT `articles_ibfk_365` FOREIGN KEY (`LabelId`) REFERENCES `labels` (`id`) ON DELETE SET NULL ON UPDATE CASCADE,
  CONSTRAINT `articles_ibfk_366` FOREIGN KEY (`UserId`) REFERENCES `users` (`id`) ON DELETE SET NULL ON UPDATE CASCADE,
  CONSTRAINT `articles_ibfk_367` FOREIGN KEY (`ArticleTypeId`) REFERENCES `articletypes` (`id`) ON DELETE SET NULL ON UPDATE CASCADE,
  CONSTRAINT `articles_ibfk_368` FOREIGN KEY (`LabelId`) REFERENCES `labels` (`id`) ON DELETE SET NULL ON UPDATE CASCADE,
  CONSTRAINT `articles_ibfk_369` FOREIGN KEY (`UserId`) REFERENCES `users` (`id`) ON DELETE SET NULL ON UPDATE CASCADE,
  CONSTRAINT `articles_ibfk_37` FOREIGN KEY (`UserId`) REFERENCES `users` (`id`) ON DELETE SET NULL ON UPDATE CASCADE,
  CONSTRAINT `articles_ibfk_370` FOREIGN KEY (`ArticleTypeId`) REFERENCES `articletypes` (`id`) ON DELETE SET NULL ON UPDATE CASCADE,
  CONSTRAINT `articles_ibfk_371` FOREIGN KEY (`LabelId`) REFERENCES `labels` (`id`) ON DELETE SET NULL ON UPDATE CASCADE,
  CONSTRAINT `articles_ibfk_372` FOREIGN KEY (`UserId`) REFERENCES `users` (`id`) ON DELETE SET NULL ON UPDATE CASCADE,
  CONSTRAINT `articles_ibfk_373` FOREIGN KEY (`ArticleTypeId`) REFERENCES `articletypes` (`id`) ON DELETE SET NULL ON UPDATE CASCADE,
  CONSTRAINT `articles_ibfk_374` FOREIGN KEY (`LabelId`) REFERENCES `labels` (`id`) ON DELETE SET NULL ON UPDATE CASCADE,
  CONSTRAINT `articles_ibfk_375` FOREIGN KEY (`UserId`) REFERENCES `users` (`id`) ON DELETE SET NULL ON UPDATE CASCADE,
  CONSTRAINT `articles_ibfk_376` FOREIGN KEY (`ArticleTypeId`) REFERENCES `articletypes` (`id`) ON DELETE SET NULL ON UPDATE CASCADE,
  CONSTRAINT `articles_ibfk_377` FOREIGN KEY (`LabelId`) REFERENCES `labels` (`id`) ON DELETE SET NULL ON UPDATE CASCADE,
  CONSTRAINT `articles_ibfk_38` FOREIGN KEY (`ArticleTypeId`) REFERENCES `articletypes` (`id`) ON DELETE SET NULL ON UPDATE CASCADE,
  CONSTRAINT `articles_ibfk_39` FOREIGN KEY (`LabelId`) REFERENCES `labels` (`id`) ON DELETE SET NULL ON UPDATE CASCADE,
  CONSTRAINT `articles_ibfk_4` FOREIGN KEY (`UserId`) REFERENCES `users` (`id`) ON DELETE SET NULL ON UPDATE CASCADE,
  CONSTRAINT `articles_ibfk_40` FOREIGN KEY (`UserId`) REFERENCES `users` (`id`) ON DELETE SET NULL ON UPDATE CASCADE,
  CONSTRAINT `articles_ibfk_41` FOREIGN KEY (`ArticleTypeId`) REFERENCES `articletypes` (`id`) ON DELETE SET NULL ON UPDATE CASCADE,
  CONSTRAINT `articles_ibfk_42` FOREIGN KEY (`LabelId`) REFERENCES `labels` (`id`) ON DELETE SET NULL ON UPDATE CASCADE,
  CONSTRAINT `articles_ibfk_43` FOREIGN KEY (`UserId`) REFERENCES `users` (`id`) ON DELETE SET NULL ON UPDATE CASCADE,
  CONSTRAINT `articles_ibfk_44` FOREIGN KEY (`ArticleTypeId`) REFERENCES `articletypes` (`id`) ON DELETE SET NULL ON UPDATE CASCADE,
  CONSTRAINT `articles_ibfk_45` FOREIGN KEY (`LabelId`) REFERENCES `labels` (`id`) ON DELETE SET NULL ON UPDATE CASCADE,
  CONSTRAINT `articles_ibfk_46` FOREIGN KEY (`UserId`) REFERENCES `users` (`id`) ON DELETE SET NULL ON UPDATE CASCADE,
  CONSTRAINT `articles_ibfk_47` FOREIGN KEY (`ArticleTypeId`) REFERENCES `articletypes` (`id`) ON DELETE SET NULL ON UPDATE CASCADE,
  CONSTRAINT `articles_ibfk_48` FOREIGN KEY (`LabelId`) REFERENCES `labels` (`id`) ON DELETE SET NULL ON UPDATE CASCADE,
  CONSTRAINT `articles_ibfk_49` FOREIGN KEY (`UserId`) REFERENCES `users` (`id`) ON DELETE SET NULL ON UPDATE CASCADE,
  CONSTRAINT `articles_ibfk_5` FOREIGN KEY (`ArticleTypeId`) REFERENCES `articletypes` (`id`) ON DELETE SET NULL ON UPDATE CASCADE,
  CONSTRAINT `articles_ibfk_50` FOREIGN KEY (`ArticleTypeId`) REFERENCES `articletypes` (`id`) ON DELETE SET NULL ON UPDATE CASCADE,
  CONSTRAINT `articles_ibfk_51` FOREIGN KEY (`LabelId`) REFERENCES `labels` (`id`) ON DELETE SET NULL ON UPDATE CASCADE,
  CONSTRAINT `articles_ibfk_52` FOREIGN KEY (`UserId`) REFERENCES `users` (`id`) ON DELETE SET NULL ON UPDATE CASCADE,
  CONSTRAINT `articles_ibfk_53` FOREIGN KEY (`ArticleTypeId`) REFERENCES `articletypes` (`id`) ON DELETE SET NULL ON UPDATE CASCADE,
  CONSTRAINT `articles_ibfk_54` FOREIGN KEY (`LabelId`) REFERENCES `labels` (`id`) ON DELETE SET NULL ON UPDATE CASCADE,
  CONSTRAINT `articles_ibfk_55` FOREIGN KEY (`UserId`) REFERENCES `users` (`id`) ON DELETE SET NULL ON UPDATE CASCADE,
  CONSTRAINT `articles_ibfk_56` FOREIGN KEY (`ArticleTypeId`) REFERENCES `articletypes` (`id`) ON DELETE SET NULL ON UPDATE CASCADE,
  CONSTRAINT `articles_ibfk_57` FOREIGN KEY (`LabelId`) REFERENCES `labels` (`id`) ON DELETE SET NULL ON UPDATE CASCADE,
  CONSTRAINT `articles_ibfk_58` FOREIGN KEY (`UserId`) REFERENCES `users` (`id`) ON DELETE SET NULL ON UPDATE CASCADE,
  CONSTRAINT `articles_ibfk_59` FOREIGN KEY (`ArticleTypeId`) REFERENCES `articletypes` (`id`) ON DELETE SET NULL ON UPDATE CASCADE,
  CONSTRAINT `articles_ibfk_6` FOREIGN KEY (`LabelId`) REFERENCES `labels` (`id`) ON DELETE SET NULL ON UPDATE CASCADE,
  CONSTRAINT `articles_ibfk_60` FOREIGN KEY (`LabelId`) REFERENCES `labels` (`id`) ON DELETE SET NULL ON UPDATE CASCADE,
  CONSTRAINT `articles_ibfk_61` FOREIGN KEY (`UserId`) REFERENCES `users` (`id`) ON DELETE SET NULL ON UPDATE CASCADE,
  CONSTRAINT `articles_ibfk_62` FOREIGN KEY (`ArticleTypeId`) REFERENCES `articletypes` (`id`) ON DELETE SET NULL ON UPDATE CASCADE,
  CONSTRAINT `articles_ibfk_63` FOREIGN KEY (`LabelId`) REFERENCES `labels` (`id`) ON DELETE SET NULL ON UPDATE CASCADE,
  CONSTRAINT `articles_ibfk_64` FOREIGN KEY (`UserId`) REFERENCES `users` (`id`) ON DELETE SET NULL ON UPDATE CASCADE,
  CONSTRAINT `articles_ibfk_65` FOREIGN KEY (`ArticleTypeId`) REFERENCES `articletypes` (`id`) ON DELETE SET NULL ON UPDATE CASCADE,
  CONSTRAINT `articles_ibfk_66` FOREIGN KEY (`LabelId`) REFERENCES `labels` (`id`) ON DELETE SET NULL ON UPDATE CASCADE,
  CONSTRAINT `articles_ibfk_67` FOREIGN KEY (`UserId`) REFERENCES `users` (`id`) ON DELETE SET NULL ON UPDATE CASCADE,
  CONSTRAINT `articles_ibfk_68` FOREIGN KEY (`ArticleTypeId`) REFERENCES `articletypes` (`id`) ON DELETE SET NULL ON UPDATE CASCADE,
  CONSTRAINT `articles_ibfk_69` FOREIGN KEY (`LabelId`) REFERENCES `labels` (`id`) ON DELETE SET NULL ON UPDATE CASCADE,
  CONSTRAINT `articles_ibfk_7` FOREIGN KEY (`UserId`) REFERENCES `users` (`id`) ON DELETE SET NULL ON UPDATE CASCADE,
  CONSTRAINT `articles_ibfk_70` FOREIGN KEY (`UserId`) REFERENCES `users` (`id`) ON DELETE SET NULL ON UPDATE CASCADE,
  CONSTRAINT `articles_ibfk_71` FOREIGN KEY (`ArticleTypeId`) REFERENCES `articletypes` (`id`) ON DELETE SET NULL ON UPDATE CASCADE,
  CONSTRAINT `articles_ibfk_72` FOREIGN KEY (`LabelId`) REFERENCES `labels` (`id`) ON DELETE SET NULL ON UPDATE CASCADE,
  CONSTRAINT `articles_ibfk_73` FOREIGN KEY (`UserId`) REFERENCES `users` (`id`) ON DELETE SET NULL ON UPDATE CASCADE,
  CONSTRAINT `articles_ibfk_74` FOREIGN KEY (`ArticleTypeId`) REFERENCES `articletypes` (`id`) ON DELETE SET NULL ON UPDATE CASCADE,
  CONSTRAINT `articles_ibfk_75` FOREIGN KEY (`LabelId`) REFERENCES `labels` (`id`) ON DELETE SET NULL ON UPDATE CASCADE,
  CONSTRAINT `articles_ibfk_76` FOREIGN KEY (`UserId`) REFERENCES `users` (`id`) ON DELETE SET NULL ON UPDATE CASCADE,
  CONSTRAINT `articles_ibfk_77` FOREIGN KEY (`ArticleTypeId`) REFERENCES `articletypes` (`id`) ON DELETE SET NULL ON UPDATE CASCADE,
  CONSTRAINT `articles_ibfk_78` FOREIGN KEY (`LabelId`) REFERENCES `labels` (`id`) ON DELETE SET NULL ON UPDATE CASCADE,
  CONSTRAINT `articles_ibfk_79` FOREIGN KEY (`UserId`) REFERENCES `users` (`id`) ON DELETE SET NULL ON UPDATE CASCADE,
  CONSTRAINT `articles_ibfk_8` FOREIGN KEY (`ArticleTypeId`) REFERENCES `articletypes` (`id`) ON DELETE SET NULL ON UPDATE CASCADE,
  CONSTRAINT `articles_ibfk_80` FOREIGN KEY (`ArticleTypeId`) REFERENCES `articletypes` (`id`) ON DELETE SET NULL ON UPDATE CASCADE,
  CONSTRAINT `articles_ibfk_81` FOREIGN KEY (`LabelId`) REFERENCES `labels` (`id`) ON DELETE SET NULL ON UPDATE CASCADE,
  CONSTRAINT `articles_ibfk_82` FOREIGN KEY (`UserId`) REFERENCES `users` (`id`) ON DELETE SET NULL ON UPDATE CASCADE,
  CONSTRAINT `articles_ibfk_83` FOREIGN KEY (`ArticleTypeId`) REFERENCES `articletypes` (`id`) ON DELETE SET NULL ON UPDATE CASCADE,
  CONSTRAINT `articles_ibfk_84` FOREIGN KEY (`LabelId`) REFERENCES `labels` (`id`) ON DELETE SET NULL ON UPDATE CASCADE,
  CONSTRAINT `articles_ibfk_85` FOREIGN KEY (`UserId`) REFERENCES `users` (`id`) ON DELETE SET NULL ON UPDATE CASCADE,
  CONSTRAINT `articles_ibfk_86` FOREIGN KEY (`ArticleTypeId`) REFERENCES `articletypes` (`id`) ON DELETE SET NULL ON UPDATE CASCADE,
  CONSTRAINT `articles_ibfk_87` FOREIGN KEY (`LabelId`) REFERENCES `labels` (`id`) ON DELETE SET NULL ON UPDATE CASCADE,
  CONSTRAINT `articles_ibfk_88` FOREIGN KEY (`UserId`) REFERENCES `users` (`id`) ON DELETE SET NULL ON UPDATE CASCADE,
  CONSTRAINT `articles_ibfk_89` FOREIGN KEY (`ArticleTypeId`) REFERENCES `articletypes` (`id`) ON DELETE SET NULL ON UPDATE CASCADE,
  CONSTRAINT `articles_ibfk_9` FOREIGN KEY (`LabelId`) REFERENCES `labels` (`id`) ON DELETE SET NULL ON UPDATE CASCADE,
  CONSTRAINT `articles_ibfk_90` FOREIGN KEY (`LabelId`) REFERENCES `labels` (`id`) ON DELETE SET NULL ON UPDATE CASCADE,
  CONSTRAINT `articles_ibfk_91` FOREIGN KEY (`UserId`) REFERENCES `users` (`id`) ON DELETE SET NULL ON UPDATE CASCADE,
  CONSTRAINT `articles_ibfk_92` FOREIGN KEY (`ArticleTypeId`) REFERENCES `articletypes` (`id`) ON DELETE SET NULL ON UPDATE CASCADE,
  CONSTRAINT `articles_ibfk_93` FOREIGN KEY (`LabelId`) REFERENCES `labels` (`id`) ON DELETE SET NULL ON UPDATE CASCADE,
  CONSTRAINT `articles_ibfk_94` FOREIGN KEY (`UserId`) REFERENCES `users` (`id`) ON DELETE SET NULL ON UPDATE CASCADE,
  CONSTRAINT `articles_ibfk_95` FOREIGN KEY (`ArticleTypeId`) REFERENCES `articletypes` (`id`) ON DELETE SET NULL ON UPDATE CASCADE,
  CONSTRAINT `articles_ibfk_96` FOREIGN KEY (`LabelId`) REFERENCES `labels` (`id`) ON DELETE SET NULL ON UPDATE CASCADE,
  CONSTRAINT `articles_ibfk_97` FOREIGN KEY (`UserId`) REFERENCES `users` (`id`) ON DELETE SET NULL ON UPDATE CASCADE,
  CONSTRAINT `articles_ibfk_98` FOREIGN KEY (`ArticleTypeId`) REFERENCES `articletypes` (`id`) ON DELETE SET NULL ON UPDATE CASCADE,
  CONSTRAINT `articles_ibfk_99` FOREIGN KEY (`LabelId`) REFERENCES `labels` (`id`) ON DELETE SET NULL ON UPDATE CASCADE,
  CONSTRAINT `articles_ibfk_378` FOREIGN KEY (`UserId`) REFERENCES `users` (`id`) ON DELETE SET NULL ON UPDATE CASCADE,
  CONSTRAINT `articles_ibfk_379` FOREIGN KEY (`ArticleTypeId`) REFERENCES `articletypes` (`id`) ON DELETE SET NULL ON UPDATE CASCADE,
  CONSTRAINT `articles_ibfk_380` FOREIGN KEY (`LabelId`) REFERENCES `labels` (`id`) ON DELETE SET NULL ON UPDATE CASCADE
) ENGINE = InnoDB AUTO_INCREMENT = 23 CHARACTER SET = utf8mb4 COLLATE = utf8mb4_0900_ai_ci ROW_FORMAT = Dynamic;

-- ----------------------------
-- Records of articles
-- ----------------------------
INSERT INTO `articles` VALUES (5, '11213213123', '假如生活欺骗了你，\r\n不要悲伤，不要心急！\r\n忧郁的日子里须要镇静：\r\n相信吧，快乐的日子将会来临！\r\n心儿永远向往着未来；\r\n现在却常是忧郁。\r\n一切都是瞬息，一切都将会过去；\r\n而那过去了的，就会成为亲切的怀恋。假如生活欺骗了你，\r\n不要悲伤，不要心急！\r\n忧郁的日子里须要镇静：\r\n相信吧，快乐的日子将会来临！\r\n心儿永远向往着未来；\r\n现在却常是忧郁。\r\n一切都是瞬息，一切都将会过去；\r\n而那过去了的，就会成为亲切的怀恋。假如生活欺骗了你，\r\n不要悲伤，不要心急！\r\n忧郁的日子里须要镇静：\r\n相信吧，快乐的日子将会来临！\r\n心儿永远向往着未来；\r\n现在却常是忧郁。\r\n一切都是瞬息，一切都将会过去；\r\n而那过去了的，就会成为亲切的怀恋。1', 18, 1, 0, 'https://timgsa.baidu.com/timg?image&quality=80&size=b9999_10000&sec=1607326943414&di=1eec8c249ab0e51656ca6dceb746d3a6&imgtype=0&src=http%3A%2F%2Fattachments.gfan.com%2Fforum%2F201503%2F19%2F211608ztcq7higicydxhsy.jpg', '2020-11-24 10:52:41', '2020-12-11 09:36:02', NULL, 1, 1, 1);
INSERT INTO `articles` VALUES (6, 'JavaScript', '假如生活欺骗了你，\r\n不要悲伤，不要心急！\r\n忧郁的日子里须要镇静：\r\n相信吧，快乐的日子将会来临！\r\n心儿永远向往着未来；\r\n现在却常是忧郁。\r\n一切都是瞬息，一切都将会过去；\r\n而那过去了的，就会成为亲切的怀恋。2', 44, 1, 0, 'https://timgsa.baidu.com/timg?image&quality=80&size=b9999_10000&sec=1607326943413&di=587a0b2e5d2cd056e1ba069fd619900c&imgtype=0&src=http%3A%2F%2Fattach.bbs.miui.com%2Fforum%2F201303%2F24%2F221533reghefhxww199oqk.jpg', '2020-12-02 14:07:00', '2020-12-02 14:07:03', NULL, 1, 2, 1);
INSERT INTO `articles` VALUES (7, '假如生活欺骗了你', '假如生活欺骗了你，\r\n不要悲伤，不要心急！\r\n忧郁的日子里须要镇静：\r\n相信吧，快乐的日子将会来临！\r\n心儿永远向往着未来；\r\n现在却常是忧郁。\r\n一切都是瞬息，一切都将会过去；\r\n而那过去了的，就会成为亲切的怀恋。3', 25, 1, 1, 'https://cdn.jsdelivr.net/gh/ihewro/blog@master/usr/uploads/2019/01/762065921.jpg', '2020-12-03 14:08:01', '2020-12-11 14:55:31', NULL, 1, 5, 1);
INSERT INTO `articles` VALUES (8, 'Mac OS中carbon和cocoa的那些事', '假如生活欺骗了你，\r\n不要悲伤，不要心急！\r\n忧郁的日子里须要镇静：\r\n相信吧，快乐的日子将会来临！\r\n心儿永远向往着未来；\r\n现在却常是忧郁。\r\n一切都是瞬息，一切都将会过去；\r\n而那过去了的，就会成为亲切的怀恋。4', 675, 1, 0, 'https://timgsa.baidu.com/timg?image&quality=80&size=b9999_10000&sec=1607326943413&di=bbe73c123433c8fbbd236f6c90e6acb3&imgtype=0&src=http%3A%2F%2Fattach.bbs.miui.com%2Fforum%2F201312%2F31%2F111859myvyiivetyftfz2n.jpg', '2020-12-03 14:08:47', '2020-12-12 11:26:54', NULL, 1, 2, 1);
INSERT INTO `articles` VALUES (9, 'nginx 限流模块和fail2ban搭配使用', '假如生活欺骗了你，\r\n不要悲伤，不要心急！\r\n忧郁的日子里须要镇静：\r\n相信吧，快乐的日子将会来临！\r\n心儿永远向往着未来；\r\n现在却常是忧郁。\r\n一切都是瞬息，一切都将会过去；\r\n而那过去了的，就会成为亲切的怀恋。5', 252, 1, 0, 'https://timgsa.baidu.com/timg?image&quality=80&size=b9999_10000&sec=1607326943413&di=43e5bb65c8e5f5c920d379884ac0066a&imgtype=0&src=http%3A%2F%2Fattach.bbs.miui.com%2Fforum%2F201305%2F30%2F220025pxfkhykvkgkvuktq.jpg', '2020-12-03 06:11:50', '2020-12-11 13:05:37', NULL, 1, 3, 1);
INSERT INTO `articles` VALUES (10, 'service work 关于更新用户本地缓存的方案', '假如生活欺骗了你，\r\n不要悲伤，不要心急！\r\n忧郁的日子里须要镇静：\r\n相信吧，快乐的日子将会来临！\r\n心儿永远向往着未来；\r\n现在却常是忧郁。\r\n一切都是瞬息，一切都将会过去；\r\n而那过去了的，就会成为亲切的怀恋。6', 24, 1, 0, 'https://timgsa.baidu.com/timg?image&quality=80&size=b9999_10000&sec=1607326943412&di=3a8f210f93dd70651838dde60eb18c3c&imgtype=0&src=http%3A%2F%2Fpic1.win4000.com%2Fwallpaper%2Fc%2F55910bcde83ac.jpg', '2020-12-03 06:11:58', '2020-12-11 13:27:49', NULL, 1, 3, 1);
INSERT INTO `articles` VALUES (11, 'cdn设置错误导致的重定向次数过多的问题', '假如生活欺骗了你，\r\n不要悲伤，不要心急！\r\n忧郁的日子里须要镇静：\r\n相信吧，快乐的日子将会来临！\r\n心儿永远向往着未来；\r\n现在却常是忧郁。\r\n一切都是瞬息，一切都将会过去；\r\n而那过去了的，就会成为亲切的怀恋。7', 663, 1, 0, 'https://timgsa.baidu.com/timg?image&quality=80&size=b9999_10000&sec=1607326943412&di=f4469032b96283aa7a7655c56a6188c4&imgtype=0&src=http%3A%2F%2Fattachments.gfan.com%2Fforum%2Fattachments2%2F201301%2F29%2F125313339n39z82ydzc32y.jpg', '2020-12-03 06:12:04', '2020-12-12 11:01:11', NULL, 1, 3, 1);
INSERT INTO `articles` VALUES (12, '心要野', '假如生活欺骗了你，\r\n不要悲伤，不要心急！\r\n忧郁的日子里须要镇静：\r\n相信吧，快乐的日子将会来临！\r\n心儿永远向往着未来；\r\n现在却常是忧郁。\r\n一切都是瞬息，一切都将会过去；\r\n而那过去了的，就会成为亲切的怀恋。8', 129, 1, 0, 'https://timgsa.baidu.com/timg?image&quality=80&size=b9999_10000&sec=1607326943412&di=775d81c2b5afe82a6a133499b6baf2d1&imgtype=0&src=http%3A%2F%2Fattachments.gfan.com%2Fforum%2Fattachments2%2Fday_120819%2F12081912519c9e412bfe5e33c6.jpg', '2020-12-03 06:12:09', '2020-12-12 11:05:52', NULL, 1, 3, 1);
INSERT INTO `articles` VALUES (13, '30分钟使用dlib进行静态物品分类识别', '假如生活欺骗了你，\r\n不要悲伤，不要心急！\r\n忧郁的日子里须要镇静：\r\n相信吧，快乐的日子将会来临！\r\n心儿永远向往着未来；\r\n现在却常是忧郁。\r\n一切都是瞬息，一切都将会过去；\r\n而那过去了的，就会成为亲切的怀恋。9', 548, 1, 0, 'https://ss0.bdstatic.com/70cFuHSh_Q1YnxGkpoWK1HF6hhy/it/u=81837432,2519168038&fm=11&gp=0.jpg', '2020-12-03 06:12:18', '2020-12-11 14:55:28', NULL, 1, 3, 1);
INSERT INTO `articles` VALUES (14, '那些不想丧的时刻', '假如生活欺骗了你，\r\n不要悲伤，不要心急！\r\n忧郁的日子里须要镇静：\r\n相信吧，快乐的日子将会来临！\r\n心儿永远向往着未来；\r\n现在却常是忧郁。\r\n一切都是瞬息，一切都将会过去；\r\n而那过去了的，就会成为亲切的怀恋。0', 117, 1, 0, 'https://timgsa.baidu.com/timg?image&quality=80&size=b9999_10000&sec=1607326943411&di=3d1004a6eea43a575792a1f36f4affa0&imgtype=0&src=http%3A%2F%2Fbenyouhuifile.it168.com%2Fforum%2F201310%2F23%2F162906bl2ttfnm775b1sq8.jpg', '2020-12-03 06:12:25', '2020-12-11 13:33:44', NULL, 1, 3, 1);
INSERT INTO `articles` VALUES (15, '“霍乱时期”的友谊', '共勉！ \n\n假如生活欺骗了你，  \n不要悲伤，不要心急！  \n忧郁的日子里须要镇静：  \n相信吧，快乐的日子将会来临！  \n心儿永远向往着未来；  \n现在却常是忧郁。  \n一切都是瞬息，一切都将会过去；  \n而那过去了的，就会成为亲切的怀恋。  ', 42, 1, 0, 'https://timgsa.baidu.com/timg?image&quality=80&size=b9999_10000&sec=1607326943411&di=a52ab1af7e57b668f75d14070e81fc19&imgtype=0&src=http%3A%2F%2Fe.hiphotos.baidu.com%2Fzhidao%2Fpic%2Fitem%2F4ec2d5628535e5ddb3bca44976c6a7efcf1b6297.jpg', '2020-12-03 06:20:18', '2020-12-11 13:08:32', NULL, 1, 3, 1);
INSERT INTO `articles` VALUES (20, '132213', 'alert(\"1231\")143123312', 0, 1, 0, '123123', '2020-12-10 07:19:10', '2020-12-10 07:48:46', '2020-12-10 08:21:13', 1, 1, 5);
INSERT INTO `articles` VALUES (21, '从入门到入土', '![阿斯顿撒](https://ss0.bdstatic.com/70cFvHSh_Q1YnxGkpoWK1HF6hhy/it/u=2723759038,476390942&fm=26&gp=0.jpg)\n\n 1. 列表项目2\n 2. 列表项目2\n\n\n\n - 列表项目\n - 列表项目\n\n\n# 标题文字1 #\n## 标题文字2 ##\n### 标题文字3 ###\n#### 标题文字4 ####\n##### 标题文字5 #####\n###### 标题文字6 ######\n\n```javascript\nfunction(){\n    console.log(\'123213123\');\n}\nmarked.setOptions({\n  renderer: new marked.Renderer(),\n  highlight: function(code) {\n      return hljs.highlightAuto(code).value;\n  },\n  pedantic: false,\n  gfm: true,\n  tables: true,\n  breaks: false,\n  sanitize: false,\n  smartLists: true,\n  smartypants: false,\n  xhtml: false\n});\n```\n**加粗文字**  \n*斜体文字*  \n\n> 引用文字\n> 引用文字\n> 引用文字\n\n\n![阿斯顿撒](https://ss0.bdstatic.com/70cFvHSh_Q1YnxGkpoWK1HF6hhy/it/u=2723759038,476390942&fm=26&gp=0.jpg)\n\n 1. 列表项目2\n 2. 列表项目2\n\n\n\n - 列表项目\n - 列表项目\n\n\n# 标题文字1 #\n## 标题文字2 ##\n### 标题文字3 ###\n#### 标题文字4 ####\n##### 标题文字5 #####\n###### 标题文字6 ######\n\n\n----------\n', 5, 1, 0, 'https://timgsa.baidu.com/timg?image&quality=80&size=b9999_10000&sec=1607703232566&di=a264fdf39f949a82de94ea25db8e0811&imgtype=0&src=http%3A%2F%2F5b0988e595225.cdn.sohucs.com%2Fimages%2F20180112%2Fa6c7bfa7158a442d86aa29464d3802a5.jpeg', '2020-12-11 06:35:11', '2020-12-12 11:02:52', NULL, 1, 10, 11);
INSERT INTO `articles` VALUES (22, 'Mac OS中carbon和cocoa的那些事', '# mac的全称你知道是什么吗？ #  \n\nmac的全称你知道是什么吗？Macintosh，译名是麦金塔。 \n  \n苹果电脑的第一个版本发布于1984年，其命名为Macintosh System 1，一直到第9个版本（1999年推出9.0版本），这些系统被统称为Classic Mac OS。而Classic Mac OS 最初使用 Pascal作为首要的开发语言，然而到了1990年，大部分的mac 软件、库都是使用c++进行开发的。  \n  \n![avatar](https://timgsa.baidu.com/timg?image&quality=80&size=b9999_10000&sec=1607705166124&di=726d4075ea6e9d70659e943c791b3d93&imgtype=0&src=http%3A%2F%2Fattach.bbs.miui.com%2Fforum%2F201305%2F29%2F101838y2tkuxpfopkwzpvg.jpg)\n\n1985年，乔布斯离开苹果公司，独立创建了NEXT公司，开了NeXTSTEP操作系统，该系统基于Mach和BSD，以object-c 为语言基础完成1。1995年发布了最后一个版本3.3。NEXT公司后来和SUN公司合作将NEXTSTEP操作系统重新命名为OpenStep。\n1996年，乔布斯重回苹果。2  \n  \n苹果公司随后收购了NEXT公司，基于OPENSTEP，开发出了一个新的操作系统Rhapsody（狂想曲）。该系统为了与之前的Classic Mac OS 兼容，使用了一个新的策略：保留了大部分的OPENSTEP的对象库,移植了大部分的OPENSTREP的GUI的api，并命名为 \"Yellow Box\"（黄盒）。并添加了一个运行现有Mac OS软件的名为“Blue Box”（蓝盒）的模拟器。在这个模拟器中运行过去的软件。（因为过去的软件大部分是c++，而openstep基于object-c编写）  \n  \n```javascript\ngetData() {\n    marked.setOptions({\n        renderer: new marked.Renderer(),\n        highlight: function(code) {\n            return hljs.highlightAuto(code).value;\n        },\n        pedantic: false,\n        gfm: true,\n        tables: true,\n        breaks: false,\n        sanitize: false,\n        smartLists: true,\n        smartypants: false,\n        xhtml: false\n    });\n    this.code = marked(this.contentData.content)\n}\n```\n \n可以看到Rhapsody是openStep的一个直接继承，但是增加了一个模拟器用于兼容过去系统中的软件。即Rhapsody = 黄盒 + 蓝盒，其中的黄盒则基本上是openstep代码的一个重组。  \n  \n这个改变在1997年的WWDC大会上公布，很多开发者不满，他们不希望他们的软件运行在一个可能不会更新的“Blue Box”的模拟器中。他们甚至把这个蓝盒子亲切的称为“惩罚盒子”。  \n  \n正是这一个问题，乔布斯在1998年的WWDC大会上宣布，苹果会发布一个现代化的版本，并且很好的兼容过去的系统。  \n  \n这正是carbon库的由来。carbon库基于c编写，而carbon框架也是苹果将Mac OSX带入市场的一个策略。  \n  \n为了推出carbon，苹果对Rhapsody整个系统进行了修改，Rhapsody模型实际上是带有仿真器的OpenStep。在新系统中，苹果使用纯c重写了openStep中的被称为Foundation部分的许多底层代码，并命名为core foundation（所以core foundation是基于c，并是carbon框架的一部分）。而yellowbox中代码逐渐演变成了cocoa框架。  \n   \n除此之外，carbon和cocoa则尽可能的共享通用代码。所以carbon和cocoa之间关于foundation模块中代码会进行一些函数映射，比如在cocoa中foundation kit 模块中，你可以随处看到类似typedef CGPoint NSPoint;的数据结构和函数的映射，将NS的数据结构和api转换到CF中。  \n\n虽然这对cocoa的项目有一些性能影响，因为调用cocoa的一些函数还需要将对象方法转换成c。但是据苹果称使用了toll-free bridging的技术降低了这个影响。  \n  \ncarbon 发布于2000年，在2001年，苹果发布了Mac OSX第一个版本，这个X 即是10的意思。此后几乎所有的软件都在使用carbon，苹果的官方应用也是如此，如finder。  \n  \n在新系统中，carbon和cocoa是peer关系。Rhapsody演变成了macosx，而yellowbox演变成了cocoa。  \n  \n好景不长，2007年，苹果发布了Mac OSX 10.5，从这个版本开始，苹果开始过渡到64位的应用程序。与此同时，苹果宣布64位的c编程环境不再提供与carbon的界面交互相关的api兼容。 Introduction to 64-Bit Guide for Carbon Developers 当年的apple 开发者首页是这样介绍10.5的变化的：  \n  \nMost APIs in Mac OS X v10.5 are available to both 32-bit and 64-bit applications, but some APIs commonly used by Carbon applications are not. In particular, the APIs used to implement a Carbon user interface are generally available only to 32-bit applications. If you want to create a 64-bit application for Mac OS X, you need to use Cocoa to implement its user interface.  \n即与界面交互相关的api只能适用于32位的程序，否则需要使用cocoa来进行创建应用程序。  \n![avatar](https://timgsa.baidu.com/timg?image&quality=80&size=b9999_10000&sec=1607705166124&di=726d4075ea6e9d70659e943c791b3d93&imgtype=0&src=http%3A%2F%2Fattach.bbs.miui.com%2Fforum%2F201305%2F29%2F101838y2tkuxpfopkwzpvg.jpg)\n2012年，苹果发布了 OS X 10.8 版本。此时carbon大部分的api都已经被deprecated，但仍然可以使用，苹果并宣布不再更新carbon的框架内容。2017年苹果发布的10.13，苹果宣布此后的mac os 版本将不再支持32位应用程序，这一决定在mac os 10.15正式的生效了。  \n    \n在命名前缀规则中，从一开始Mac OS X 到2012年发布的10.8中，命名前缀改成了OS X 10.8。一直到2016年发布的10.12版本及其之后的版本中中，命名的前缀又改成了Mac OS。  \n  \n历史就到这里了，carbon已经完成了Mac OSX 的使命——发布现代化并且兼容旧系统程序的操作系统。但是随着64位应用程序的普及，mac已经不再推荐使用carbon。尽管如此，如果不使用界面库相关的api，carbon库实际上仍然可以在64位的应用程序中使用。  \n  \n下面简单介绍cocoa和 carbon两个框架中包含的内容：\ncarbon#Architecture) 的一部分是来自于Macintosh Toolbox，Toolbox是Classic Mac OS中的一个库，是由许多manager组成。实现了很多高级功能，如绘制图形、菜单管理器、内存管理等等。  \n  \ncarbon最初来自于toolbox的重组，所以carbon也是由多个manager组成的。后续增加的代码大部分代码都是基于core foundation。  \n\n其中core foundation包含了下面几个模块：  \n\n> Core Animation  \n> Core Audio  \n> Core Data 这个在cocoa中也包含了同样的代码，同样基于c开发  \n> Core Graphics  \n> Core Image  \n> Core Location  \n> Core OpenGL  \n> Core Services  \n> Core Text  \n> Core Video  \n> cocoa) 包含了  \n\nFoundation Kit 作为openstep中的遗产，其类的前缀为NS，是一个通用的面向对象的库，提供字符串和值操作，容器和迭代，分布式计算，事件循环（运行循环）以及其他未直接与图形用户界面绑定的功能。拥有的class有  \n\n> 1.1 NSObject  \n> 1.2 NSString and NSMutableString  \n> 1.3 NSValue and NSNumber  \n> 1.4 NSArray and NSMutableArray  \n> 1.5 NSDictionary and NSMutableDictionary  \n> 1.6 NSSet and NSMutableSet  \n> 1.7 NSData and NSMutableData  \n> 1.8 NSDate, NSTimeZone and NSCalendar  \nAppKit 同样是openstep的遗产，其类和变量的前缀为NS，它包含可用于创建图形用户界面并与之交互的代码程序。拥有的class有：  \n\nNSApplication，获得某个应用的对象  \nNSWindow: 获得窗口的对象  \nNSView  \nNSResponder  \nNSDocument  \nNSController  \ncore data 是core foundation的一部分，也被包含在了cocoa中。  \n可以看到虽然cocoa和carbon 在很早是平行的关系，事实上他们的绘制窗口相关的界面库并不是相同的，界面的显示效果也是不同的。其中一个来自toolbox，另一个来自openstep。  \n\n如果简单粗略的说，其中  \n\ncocoa = openstep中的大部分对象库-->foundation + openstep中的UI库-->Appkit + core data  \ncarbon = core foundation + toolbox重组过来的界面库  \n其中foundation kit 有很多与core foundation函数的映射，所以foundation.h中也包含了很多core  \n foundation模块中的头文件。  \n\n\n', 21, 1, 0, 'https://timgsa.baidu.com/timg?image&quality=80&size=b9999_10000&sec=1607704855901&di=b20320ec78c6f34e669c94e1ef49ed19&imgtype=0&src=http%3A%2F%2Fimg.pptjia.com%2Fimage%2F20181113%2F657a3d997f6ae27e6ea202007d8af851.jpg', '2020-12-11 13:52:10', '2020-12-12 11:27:02', NULL, 1, 2, 1);

-- ----------------------------
-- Table structure for articletypes
-- ----------------------------
DROP TABLE IF EXISTS `articletypes`;
CREATE TABLE `articletypes`  (
  `id` int(0) NOT NULL AUTO_INCREMENT,
  `title` varchar(255) CHARACTER SET utf8mb4 COLLATE utf8mb4_0900_ai_ci NOT NULL,
  `createdAt` datetime(0) NOT NULL,
  `updatedAt` datetime(0) NOT NULL,
  `deletedAt` datetime(0) NULL DEFAULT NULL,
  PRIMARY KEY (`id`) USING BTREE
) ENGINE = InnoDB AUTO_INCREMENT = 11 CHARACTER SET = utf8mb4 COLLATE = utf8mb4_0900_ai_ci ROW_FORMAT = Dynamic;

-- ----------------------------
-- Records of articletypes
-- ----------------------------
INSERT INTO `articletypes` VALUES (1, '日常分享', '2020-11-24 18:38:10', '2020-12-10 09:51:42', '2020-12-10 09:53:07');
INSERT INTO `articletypes` VALUES (2, '编程技术', '2020-11-30 06:32:10', '2020-11-30 06:32:10', NULL);
INSERT INTO `articletypes` VALUES (3, '设计作品', '2020-12-02 21:37:05', '2020-12-02 21:37:11', NULL);
INSERT INTO `articletypes` VALUES (4, '技巧杂烩', '2020-12-02 21:37:24', '2020-12-02 21:37:27', NULL);
INSERT INTO `articletypes` VALUES (5, '兴趣爱好', '2020-12-02 21:37:39', '2020-12-02 21:37:41', NULL);
INSERT INTO `articletypes` VALUES (6, '学习笔记', '2020-12-02 21:37:53', '2020-12-02 21:37:55', NULL);
INSERT INTO `articletypes` VALUES (7, '无处安放', '2020-12-02 21:38:13', '2020-12-02 21:38:15', NULL);
INSERT INTO `articletypes` VALUES (10, '日常生活', '2020-12-10 10:21:25', '2020-12-10 10:21:25', NULL);

-- ----------------------------
-- Table structure for comments
-- ----------------------------
DROP TABLE IF EXISTS `comments`;
CREATE TABLE `comments`  (
  `id` int(0) NOT NULL AUTO_INCREMENT,
  `userName` varchar(255) CHARACTER SET utf8mb4 COLLATE utf8mb4_0900_ai_ci NOT NULL,
  `email` varchar(255) CHARACTER SET utf8mb4 COLLATE utf8mb4_0900_ai_ci NOT NULL,
  `content` varchar(1000) CHARACTER SET utf8mb4 COLLATE utf8mb4_0900_ai_ci NOT NULL,
  `createdAt` datetime(0) NOT NULL,
  `updatedAt` datetime(0) NOT NULL,
  `deletedAt` datetime(0) NULL DEFAULT NULL,
  `ArticleId` int(0) NULL DEFAULT NULL,
  PRIMARY KEY (`id`) USING BTREE,
  INDEX `ArticleId`(`ArticleId`) USING BTREE,
  CONSTRAINT `comments_ibfk_1` FOREIGN KEY (`ArticleId`) REFERENCES `articles` (`id`) ON DELETE SET NULL ON UPDATE CASCADE,
  CONSTRAINT `comments_ibfk_10` FOREIGN KEY (`ArticleId`) REFERENCES `articles` (`id`) ON DELETE SET NULL ON UPDATE CASCADE,
  CONSTRAINT `comments_ibfk_100` FOREIGN KEY (`ArticleId`) REFERENCES `articles` (`id`) ON DELETE SET NULL ON UPDATE CASCADE,
  CONSTRAINT `comments_ibfk_101` FOREIGN KEY (`ArticleId`) REFERENCES `articles` (`id`) ON DELETE SET NULL ON UPDATE CASCADE,
  CONSTRAINT `comments_ibfk_102` FOREIGN KEY (`ArticleId`) REFERENCES `articles` (`id`) ON DELETE SET NULL ON UPDATE CASCADE,
  CONSTRAINT `comments_ibfk_103` FOREIGN KEY (`ArticleId`) REFERENCES `articles` (`id`) ON DELETE SET NULL ON UPDATE CASCADE,
  CONSTRAINT `comments_ibfk_104` FOREIGN KEY (`ArticleId`) REFERENCES `articles` (`id`) ON DELETE SET NULL ON UPDATE CASCADE,
  CONSTRAINT `comments_ibfk_105` FOREIGN KEY (`ArticleId`) REFERENCES `articles` (`id`) ON DELETE SET NULL ON UPDATE CASCADE,
  CONSTRAINT `comments_ibfk_106` FOREIGN KEY (`ArticleId`) REFERENCES `articles` (`id`) ON DELETE SET NULL ON UPDATE CASCADE,
  CONSTRAINT `comments_ibfk_107` FOREIGN KEY (`ArticleId`) REFERENCES `articles` (`id`) ON DELETE SET NULL ON UPDATE CASCADE,
  CONSTRAINT `comments_ibfk_108` FOREIGN KEY (`ArticleId`) REFERENCES `articles` (`id`) ON DELETE SET NULL ON UPDATE CASCADE,
  CONSTRAINT `comments_ibfk_109` FOREIGN KEY (`ArticleId`) REFERENCES `articles` (`id`) ON DELETE SET NULL ON UPDATE CASCADE,
  CONSTRAINT `comments_ibfk_11` FOREIGN KEY (`ArticleId`) REFERENCES `articles` (`id`) ON DELETE SET NULL ON UPDATE CASCADE,
  CONSTRAINT `comments_ibfk_110` FOREIGN KEY (`ArticleId`) REFERENCES `articles` (`id`) ON DELETE SET NULL ON UPDATE CASCADE,
  CONSTRAINT `comments_ibfk_111` FOREIGN KEY (`ArticleId`) REFERENCES `articles` (`id`) ON DELETE SET NULL ON UPDATE CASCADE,
  CONSTRAINT `comments_ibfk_112` FOREIGN KEY (`ArticleId`) REFERENCES `articles` (`id`) ON DELETE SET NULL ON UPDATE CASCADE,
  CONSTRAINT `comments_ibfk_113` FOREIGN KEY (`ArticleId`) REFERENCES `articles` (`id`) ON DELETE SET NULL ON UPDATE CASCADE,
  CONSTRAINT `comments_ibfk_114` FOREIGN KEY (`ArticleId`) REFERENCES `articles` (`id`) ON DELETE SET NULL ON UPDATE CASCADE,
  CONSTRAINT `comments_ibfk_115` FOREIGN KEY (`ArticleId`) REFERENCES `articles` (`id`) ON DELETE SET NULL ON UPDATE CASCADE,
  CONSTRAINT `comments_ibfk_116` FOREIGN KEY (`ArticleId`) REFERENCES `articles` (`id`) ON DELETE SET NULL ON UPDATE CASCADE,
  CONSTRAINT `comments_ibfk_117` FOREIGN KEY (`ArticleId`) REFERENCES `articles` (`id`) ON DELETE SET NULL ON UPDATE CASCADE,
  CONSTRAINT `comments_ibfk_118` FOREIGN KEY (`ArticleId`) REFERENCES `articles` (`id`) ON DELETE SET NULL ON UPDATE CASCADE,
  CONSTRAINT `comments_ibfk_119` FOREIGN KEY (`ArticleId`) REFERENCES `articles` (`id`) ON DELETE SET NULL ON UPDATE CASCADE,
  CONSTRAINT `comments_ibfk_12` FOREIGN KEY (`ArticleId`) REFERENCES `articles` (`id`) ON DELETE SET NULL ON UPDATE CASCADE,
  CONSTRAINT `comments_ibfk_120` FOREIGN KEY (`ArticleId`) REFERENCES `articles` (`id`) ON DELETE SET NULL ON UPDATE CASCADE,
  CONSTRAINT `comments_ibfk_121` FOREIGN KEY (`ArticleId`) REFERENCES `articles` (`id`) ON DELETE SET NULL ON UPDATE CASCADE,
  CONSTRAINT `comments_ibfk_122` FOREIGN KEY (`ArticleId`) REFERENCES `articles` (`id`) ON DELETE SET NULL ON UPDATE CASCADE,
  CONSTRAINT `comments_ibfk_123` FOREIGN KEY (`ArticleId`) REFERENCES `articles` (`id`) ON DELETE SET NULL ON UPDATE CASCADE,
  CONSTRAINT `comments_ibfk_124` FOREIGN KEY (`ArticleId`) REFERENCES `articles` (`id`) ON DELETE SET NULL ON UPDATE CASCADE,
  CONSTRAINT `comments_ibfk_13` FOREIGN KEY (`ArticleId`) REFERENCES `articles` (`id`) ON DELETE SET NULL ON UPDATE CASCADE,
  CONSTRAINT `comments_ibfk_14` FOREIGN KEY (`ArticleId`) REFERENCES `articles` (`id`) ON DELETE SET NULL ON UPDATE CASCADE,
  CONSTRAINT `comments_ibfk_15` FOREIGN KEY (`ArticleId`) REFERENCES `articles` (`id`) ON DELETE SET NULL ON UPDATE CASCADE,
  CONSTRAINT `comments_ibfk_16` FOREIGN KEY (`ArticleId`) REFERENCES `articles` (`id`) ON DELETE SET NULL ON UPDATE CASCADE,
  CONSTRAINT `comments_ibfk_17` FOREIGN KEY (`ArticleId`) REFERENCES `articles` (`id`) ON DELETE SET NULL ON UPDATE CASCADE,
  CONSTRAINT `comments_ibfk_18` FOREIGN KEY (`ArticleId`) REFERENCES `articles` (`id`) ON DELETE SET NULL ON UPDATE CASCADE,
  CONSTRAINT `comments_ibfk_19` FOREIGN KEY (`ArticleId`) REFERENCES `articles` (`id`) ON DELETE SET NULL ON UPDATE CASCADE,
  CONSTRAINT `comments_ibfk_2` FOREIGN KEY (`ArticleId`) REFERENCES `articles` (`id`) ON DELETE SET NULL ON UPDATE CASCADE,
  CONSTRAINT `comments_ibfk_20` FOREIGN KEY (`ArticleId`) REFERENCES `articles` (`id`) ON DELETE SET NULL ON UPDATE CASCADE,
  CONSTRAINT `comments_ibfk_21` FOREIGN KEY (`ArticleId`) REFERENCES `articles` (`id`) ON DELETE SET NULL ON UPDATE CASCADE,
  CONSTRAINT `comments_ibfk_22` FOREIGN KEY (`ArticleId`) REFERENCES `articles` (`id`) ON DELETE SET NULL ON UPDATE CASCADE,
  CONSTRAINT `comments_ibfk_23` FOREIGN KEY (`ArticleId`) REFERENCES `articles` (`id`) ON DELETE SET NULL ON UPDATE CASCADE,
  CONSTRAINT `comments_ibfk_24` FOREIGN KEY (`ArticleId`) REFERENCES `articles` (`id`) ON DELETE SET NULL ON UPDATE CASCADE,
  CONSTRAINT `comments_ibfk_25` FOREIGN KEY (`ArticleId`) REFERENCES `articles` (`id`) ON DELETE SET NULL ON UPDATE CASCADE,
  CONSTRAINT `comments_ibfk_26` FOREIGN KEY (`ArticleId`) REFERENCES `articles` (`id`) ON DELETE SET NULL ON UPDATE CASCADE,
  CONSTRAINT `comments_ibfk_27` FOREIGN KEY (`ArticleId`) REFERENCES `articles` (`id`) ON DELETE SET NULL ON UPDATE CASCADE,
  CONSTRAINT `comments_ibfk_28` FOREIGN KEY (`ArticleId`) REFERENCES `articles` (`id`) ON DELETE SET NULL ON UPDATE CASCADE,
  CONSTRAINT `comments_ibfk_29` FOREIGN KEY (`ArticleId`) REFERENCES `articles` (`id`) ON DELETE SET NULL ON UPDATE CASCADE,
  CONSTRAINT `comments_ibfk_3` FOREIGN KEY (`ArticleId`) REFERENCES `articles` (`id`) ON DELETE SET NULL ON UPDATE CASCADE,
  CONSTRAINT `comments_ibfk_30` FOREIGN KEY (`ArticleId`) REFERENCES `articles` (`id`) ON DELETE SET NULL ON UPDATE CASCADE,
  CONSTRAINT `comments_ibfk_31` FOREIGN KEY (`ArticleId`) REFERENCES `articles` (`id`) ON DELETE SET NULL ON UPDATE CASCADE,
  CONSTRAINT `comments_ibfk_32` FOREIGN KEY (`ArticleId`) REFERENCES `articles` (`id`) ON DELETE SET NULL ON UPDATE CASCADE,
  CONSTRAINT `comments_ibfk_33` FOREIGN KEY (`ArticleId`) REFERENCES `articles` (`id`) ON DELETE SET NULL ON UPDATE CASCADE,
  CONSTRAINT `comments_ibfk_34` FOREIGN KEY (`ArticleId`) REFERENCES `articles` (`id`) ON DELETE SET NULL ON UPDATE CASCADE,
  CONSTRAINT `comments_ibfk_35` FOREIGN KEY (`ArticleId`) REFERENCES `articles` (`id`) ON DELETE SET NULL ON UPDATE CASCADE,
  CONSTRAINT `comments_ibfk_36` FOREIGN KEY (`ArticleId`) REFERENCES `articles` (`id`) ON DELETE SET NULL ON UPDATE CASCADE,
  CONSTRAINT `comments_ibfk_37` FOREIGN KEY (`ArticleId`) REFERENCES `articles` (`id`) ON DELETE SET NULL ON UPDATE CASCADE,
  CONSTRAINT `comments_ibfk_38` FOREIGN KEY (`ArticleId`) REFERENCES `articles` (`id`) ON DELETE SET NULL ON UPDATE CASCADE,
  CONSTRAINT `comments_ibfk_39` FOREIGN KEY (`ArticleId`) REFERENCES `articles` (`id`) ON DELETE SET NULL ON UPDATE CASCADE,
  CONSTRAINT `comments_ibfk_4` FOREIGN KEY (`ArticleId`) REFERENCES `articles` (`id`) ON DELETE SET NULL ON UPDATE CASCADE,
  CONSTRAINT `comments_ibfk_40` FOREIGN KEY (`ArticleId`) REFERENCES `articles` (`id`) ON DELETE SET NULL ON UPDATE CASCADE,
  CONSTRAINT `comments_ibfk_41` FOREIGN KEY (`ArticleId`) REFERENCES `articles` (`id`) ON DELETE SET NULL ON UPDATE CASCADE,
  CONSTRAINT `comments_ibfk_42` FOREIGN KEY (`ArticleId`) REFERENCES `articles` (`id`) ON DELETE SET NULL ON UPDATE CASCADE,
  CONSTRAINT `comments_ibfk_43` FOREIGN KEY (`ArticleId`) REFERENCES `articles` (`id`) ON DELETE SET NULL ON UPDATE CASCADE,
  CONSTRAINT `comments_ibfk_44` FOREIGN KEY (`ArticleId`) REFERENCES `articles` (`id`) ON DELETE SET NULL ON UPDATE CASCADE,
  CONSTRAINT `comments_ibfk_45` FOREIGN KEY (`ArticleId`) REFERENCES `articles` (`id`) ON DELETE SET NULL ON UPDATE CASCADE,
  CONSTRAINT `comments_ibfk_46` FOREIGN KEY (`ArticleId`) REFERENCES `articles` (`id`) ON DELETE SET NULL ON UPDATE CASCADE,
  CONSTRAINT `comments_ibfk_47` FOREIGN KEY (`ArticleId`) REFERENCES `articles` (`id`) ON DELETE SET NULL ON UPDATE CASCADE,
  CONSTRAINT `comments_ibfk_48` FOREIGN KEY (`ArticleId`) REFERENCES `articles` (`id`) ON DELETE SET NULL ON UPDATE CASCADE,
  CONSTRAINT `comments_ibfk_49` FOREIGN KEY (`ArticleId`) REFERENCES `articles` (`id`) ON DELETE SET NULL ON UPDATE CASCADE,
  CONSTRAINT `comments_ibfk_5` FOREIGN KEY (`ArticleId`) REFERENCES `articles` (`id`) ON DELETE SET NULL ON UPDATE CASCADE,
  CONSTRAINT `comments_ibfk_50` FOREIGN KEY (`ArticleId`) REFERENCES `articles` (`id`) ON DELETE SET NULL ON UPDATE CASCADE,
  CONSTRAINT `comments_ibfk_51` FOREIGN KEY (`ArticleId`) REFERENCES `articles` (`id`) ON DELETE SET NULL ON UPDATE CASCADE,
  CONSTRAINT `comments_ibfk_52` FOREIGN KEY (`ArticleId`) REFERENCES `articles` (`id`) ON DELETE SET NULL ON UPDATE CASCADE,
  CONSTRAINT `comments_ibfk_53` FOREIGN KEY (`ArticleId`) REFERENCES `articles` (`id`) ON DELETE SET NULL ON UPDATE CASCADE,
  CONSTRAINT `comments_ibfk_54` FOREIGN KEY (`ArticleId`) REFERENCES `articles` (`id`) ON DELETE SET NULL ON UPDATE CASCADE,
  CONSTRAINT `comments_ibfk_55` FOREIGN KEY (`ArticleId`) REFERENCES `articles` (`id`) ON DELETE SET NULL ON UPDATE CASCADE,
  CONSTRAINT `comments_ibfk_56` FOREIGN KEY (`ArticleId`) REFERENCES `articles` (`id`) ON DELETE SET NULL ON UPDATE CASCADE,
  CONSTRAINT `comments_ibfk_57` FOREIGN KEY (`ArticleId`) REFERENCES `articles` (`id`) ON DELETE SET NULL ON UPDATE CASCADE,
  CONSTRAINT `comments_ibfk_58` FOREIGN KEY (`ArticleId`) REFERENCES `articles` (`id`) ON DELETE SET NULL ON UPDATE CASCADE,
  CONSTRAINT `comments_ibfk_59` FOREIGN KEY (`ArticleId`) REFERENCES `articles` (`id`) ON DELETE SET NULL ON UPDATE CASCADE,
  CONSTRAINT `comments_ibfk_6` FOREIGN KEY (`ArticleId`) REFERENCES `articles` (`id`) ON DELETE SET NULL ON UPDATE CASCADE,
  CONSTRAINT `comments_ibfk_60` FOREIGN KEY (`ArticleId`) REFERENCES `articles` (`id`) ON DELETE SET NULL ON UPDATE CASCADE,
  CONSTRAINT `comments_ibfk_61` FOREIGN KEY (`ArticleId`) REFERENCES `articles` (`id`) ON DELETE SET NULL ON UPDATE CASCADE,
  CONSTRAINT `comments_ibfk_62` FOREIGN KEY (`ArticleId`) REFERENCES `articles` (`id`) ON DELETE SET NULL ON UPDATE CASCADE,
  CONSTRAINT `comments_ibfk_63` FOREIGN KEY (`ArticleId`) REFERENCES `articles` (`id`) ON DELETE SET NULL ON UPDATE CASCADE,
  CONSTRAINT `comments_ibfk_64` FOREIGN KEY (`ArticleId`) REFERENCES `articles` (`id`) ON DELETE SET NULL ON UPDATE CASCADE,
  CONSTRAINT `comments_ibfk_65` FOREIGN KEY (`ArticleId`) REFERENCES `articles` (`id`) ON DELETE SET NULL ON UPDATE CASCADE,
  CONSTRAINT `comments_ibfk_66` FOREIGN KEY (`ArticleId`) REFERENCES `articles` (`id`) ON DELETE SET NULL ON UPDATE CASCADE,
  CONSTRAINT `comments_ibfk_67` FOREIGN KEY (`ArticleId`) REFERENCES `articles` (`id`) ON DELETE SET NULL ON UPDATE CASCADE,
  CONSTRAINT `comments_ibfk_68` FOREIGN KEY (`ArticleId`) REFERENCES `articles` (`id`) ON DELETE SET NULL ON UPDATE CASCADE,
  CONSTRAINT `comments_ibfk_69` FOREIGN KEY (`ArticleId`) REFERENCES `articles` (`id`) ON DELETE SET NULL ON UPDATE CASCADE,
  CONSTRAINT `comments_ibfk_7` FOREIGN KEY (`ArticleId`) REFERENCES `articles` (`id`) ON DELETE SET NULL ON UPDATE CASCADE,
  CONSTRAINT `comments_ibfk_70` FOREIGN KEY (`ArticleId`) REFERENCES `articles` (`id`) ON DELETE SET NULL ON UPDATE CASCADE,
  CONSTRAINT `comments_ibfk_71` FOREIGN KEY (`ArticleId`) REFERENCES `articles` (`id`) ON DELETE SET NULL ON UPDATE CASCADE,
  CONSTRAINT `comments_ibfk_72` FOREIGN KEY (`ArticleId`) REFERENCES `articles` (`id`) ON DELETE SET NULL ON UPDATE CASCADE,
  CONSTRAINT `comments_ibfk_73` FOREIGN KEY (`ArticleId`) REFERENCES `articles` (`id`) ON DELETE SET NULL ON UPDATE CASCADE,
  CONSTRAINT `comments_ibfk_74` FOREIGN KEY (`ArticleId`) REFERENCES `articles` (`id`) ON DELETE SET NULL ON UPDATE CASCADE,
  CONSTRAINT `comments_ibfk_75` FOREIGN KEY (`ArticleId`) REFERENCES `articles` (`id`) ON DELETE SET NULL ON UPDATE CASCADE,
  CONSTRAINT `comments_ibfk_76` FOREIGN KEY (`ArticleId`) REFERENCES `articles` (`id`) ON DELETE SET NULL ON UPDATE CASCADE,
  CONSTRAINT `comments_ibfk_77` FOREIGN KEY (`ArticleId`) REFERENCES `articles` (`id`) ON DELETE SET NULL ON UPDATE CASCADE,
  CONSTRAINT `comments_ibfk_78` FOREIGN KEY (`ArticleId`) REFERENCES `articles` (`id`) ON DELETE SET NULL ON UPDATE CASCADE,
  CONSTRAINT `comments_ibfk_79` FOREIGN KEY (`ArticleId`) REFERENCES `articles` (`id`) ON DELETE SET NULL ON UPDATE CASCADE,
  CONSTRAINT `comments_ibfk_8` FOREIGN KEY (`ArticleId`) REFERENCES `articles` (`id`) ON DELETE SET NULL ON UPDATE CASCADE,
  CONSTRAINT `comments_ibfk_80` FOREIGN KEY (`ArticleId`) REFERENCES `articles` (`id`) ON DELETE SET NULL ON UPDATE CASCADE,
  CONSTRAINT `comments_ibfk_81` FOREIGN KEY (`ArticleId`) REFERENCES `articles` (`id`) ON DELETE SET NULL ON UPDATE CASCADE,
  CONSTRAINT `comments_ibfk_82` FOREIGN KEY (`ArticleId`) REFERENCES `articles` (`id`) ON DELETE SET NULL ON UPDATE CASCADE,
  CONSTRAINT `comments_ibfk_83` FOREIGN KEY (`ArticleId`) REFERENCES `articles` (`id`) ON DELETE SET NULL ON UPDATE CASCADE,
  CONSTRAINT `comments_ibfk_84` FOREIGN KEY (`ArticleId`) REFERENCES `articles` (`id`) ON DELETE SET NULL ON UPDATE CASCADE,
  CONSTRAINT `comments_ibfk_85` FOREIGN KEY (`ArticleId`) REFERENCES `articles` (`id`) ON DELETE SET NULL ON UPDATE CASCADE,
  CONSTRAINT `comments_ibfk_86` FOREIGN KEY (`ArticleId`) REFERENCES `articles` (`id`) ON DELETE SET NULL ON UPDATE CASCADE,
  CONSTRAINT `comments_ibfk_87` FOREIGN KEY (`ArticleId`) REFERENCES `articles` (`id`) ON DELETE SET NULL ON UPDATE CASCADE,
  CONSTRAINT `comments_ibfk_88` FOREIGN KEY (`ArticleId`) REFERENCES `articles` (`id`) ON DELETE SET NULL ON UPDATE CASCADE,
  CONSTRAINT `comments_ibfk_89` FOREIGN KEY (`ArticleId`) REFERENCES `articles` (`id`) ON DELETE SET NULL ON UPDATE CASCADE,
  CONSTRAINT `comments_ibfk_9` FOREIGN KEY (`ArticleId`) REFERENCES `articles` (`id`) ON DELETE SET NULL ON UPDATE CASCADE,
  CONSTRAINT `comments_ibfk_90` FOREIGN KEY (`ArticleId`) REFERENCES `articles` (`id`) ON DELETE SET NULL ON UPDATE CASCADE,
  CONSTRAINT `comments_ibfk_91` FOREIGN KEY (`ArticleId`) REFERENCES `articles` (`id`) ON DELETE SET NULL ON UPDATE CASCADE,
  CONSTRAINT `comments_ibfk_92` FOREIGN KEY (`ArticleId`) REFERENCES `articles` (`id`) ON DELETE SET NULL ON UPDATE CASCADE,
  CONSTRAINT `comments_ibfk_93` FOREIGN KEY (`ArticleId`) REFERENCES `articles` (`id`) ON DELETE SET NULL ON UPDATE CASCADE,
  CONSTRAINT `comments_ibfk_94` FOREIGN KEY (`ArticleId`) REFERENCES `articles` (`id`) ON DELETE SET NULL ON UPDATE CASCADE,
  CONSTRAINT `comments_ibfk_95` FOREIGN KEY (`ArticleId`) REFERENCES `articles` (`id`) ON DELETE SET NULL ON UPDATE CASCADE,
  CONSTRAINT `comments_ibfk_96` FOREIGN KEY (`ArticleId`) REFERENCES `articles` (`id`) ON DELETE SET NULL ON UPDATE CASCADE,
  CONSTRAINT `comments_ibfk_97` FOREIGN KEY (`ArticleId`) REFERENCES `articles` (`id`) ON DELETE SET NULL ON UPDATE CASCADE,
  CONSTRAINT `comments_ibfk_98` FOREIGN KEY (`ArticleId`) REFERENCES `articles` (`id`) ON DELETE SET NULL ON UPDATE CASCADE,
  CONSTRAINT `comments_ibfk_99` FOREIGN KEY (`ArticleId`) REFERENCES `articles` (`id`) ON DELETE SET NULL ON UPDATE CASCADE
) ENGINE = InnoDB AUTO_INCREMENT = 19 CHARACTER SET = utf8mb4 COLLATE = utf8mb4_0900_ai_ci ROW_FORMAT = Dynamic;

-- ----------------------------
-- Records of comments
-- ----------------------------
INSERT INTO `comments` VALUES (1, '周周周', '666@qq.com', '哪有顷刻之间的心灰意冷，有的，只是日积月累的看透罢了。哪有顷刻之间的心灰意冷，有的，只是日积月累的看透罢了。哪有顷刻之间的心灰意冷，有的，只是日积月累的看透罢了。哪有顷刻之间的心灰意冷，有的，只是日积月累的看透罢了。哪有顷刻之间的心灰意冷，有的，只是日积月累的看透罢了。哪有顷刻之间的心灰意冷，有的，只是日积月累的看透罢了。哪有顷刻之间的心灰意冷，有的，只是日积月累的看透罢了。哪有顷刻之间的心灰意冷，有的，只是日积月累的看透罢了。哪有顷刻之间的心灰意冷，有的，只是日积月累的看透罢了。哪有顷刻之间的心灰意冷，有的，只是日积月累的看透罢了。哪有顷刻之间的心灰意冷，有的，只是日积月累的看透罢了。哪有顷刻之间的心灰意冷，有的，只是日积月累的看透罢了。哪有顷刻之间的心灰意冷，有的，只是日积月累的看透罢了。哪有顷刻之间的心灰意冷，有的，只是日积月累的看透罢了。哪有顷刻之间的心灰意冷，有的，只是日积月累的看透罢了。哪有顷刻之间的心灰意冷，有的，只是日积月累的看透罢了。哪有顷刻之间的心灰意冷，有的，只是日积月累的看透罢了。', '2020-11-30 14:51:40', '2020-11-30 14:51:43', NULL, 5);
INSERT INTO `comments` VALUES (2, '周周', '123@qq.com', '可以可以', '2020-12-03 06:33:21', '2020-12-03 06:33:21', NULL, 8);
INSERT INTO `comments` VALUES (3, '周周', '123@qq.com', '可以可以', '2020-12-03 06:33:28', '2020-12-03 06:33:28', NULL, 8);
INSERT INTO `comments` VALUES (4, '周周', '123@qq.com', '不错不错', '2020-12-03 06:33:40', '2020-12-03 06:33:40', NULL, 9);
INSERT INTO `comments` VALUES (5, '周周', '123@qq.com', '不错不错', '2020-12-03 06:33:53', '2020-12-03 06:33:53', NULL, 11);
INSERT INTO `comments` VALUES (6, '周周', '123@qq.com', '精彩', '2020-12-03 06:34:05', '2020-12-03 06:34:05', '2020-12-10 10:06:27', 13);
INSERT INTO `comments` VALUES (7, '周周', '123@qq.com', '精彩666', '2020-12-03 06:34:15', '2020-12-03 06:34:15', NULL, 13);
INSERT INTO `comments` VALUES (8, '周周', '123@qq.com', '加油', '2020-12-03 06:34:28', '2020-12-03 06:34:28', NULL, 6);
INSERT INTO `comments` VALUES (9, '周周', '123@qq.com', '加油！！！！', '2020-12-03 06:34:36', '2020-12-03 06:34:36', NULL, 7);
INSERT INTO `comments` VALUES (10, '周周', '123@qq.com', '奥里给', '2020-12-03 06:34:42', '2020-12-03 06:34:42', NULL, 13);
INSERT INTO `comments` VALUES (12, '213123', '213123', '12321', '2020-12-11 12:01:38', '2020-12-11 12:01:38', '2020-12-11 13:04:42', NULL);
INSERT INTO `comments` VALUES (13, '231212', '123123', '123', '2020-12-11 12:04:03', '2020-12-11 12:04:03', NULL, 14);
INSERT INTO `comments` VALUES (14, 'sdafsda', '123212', '666666', '2020-12-11 12:05:31', '2020-12-11 12:05:31', NULL, 14);
INSERT INTO `comments` VALUES (15, '王铁锤', '666@qq.com', '奥里给Gigi给', '2020-12-11 12:09:23', '2020-12-11 12:09:23', NULL, 15);
INSERT INTO `comments` VALUES (16, '无敌的我', '123@qq.com', '沙发', '2020-12-11 13:28:14', '2020-12-11 13:28:14', NULL, 10);
INSERT INTO `comments` VALUES (17, '叶良辰', '6666@qq.com', '沙发', '2020-12-11 14:26:28', '2020-12-11 14:26:28', NULL, 22);
INSERT INTO `comments` VALUES (18, '111', '1111', '111', '2020-12-11 14:56:26', '2020-12-11 14:56:26', NULL, 12);

-- ----------------------------
-- Table structure for configs
-- ----------------------------
DROP TABLE IF EXISTS `configs`;
CREATE TABLE `configs`  (
  `id` int(0) NOT NULL AUTO_INCREMENT,
  `title` varchar(255) CHARACTER SET utf8mb4 COLLATE utf8mb4_0900_ai_ci NOT NULL,
  `logo` varchar(255) CHARACTER SET utf8mb4 COLLATE utf8mb4_0900_ai_ci NOT NULL,
  `service` varchar(255) CHARACTER SET utf8mb4 COLLATE utf8mb4_0900_ai_ci NOT NULL,
  `record` varchar(255) CHARACTER SET utf8mb4 COLLATE utf8mb4_0900_ai_ci NOT NULL,
  `createdAt` datetime(0) NOT NULL,
  `updatedAt` datetime(0) NOT NULL,
  `deletedAt` datetime(0) NULL DEFAULT NULL,
  PRIMARY KEY (`id`) USING BTREE
) ENGINE = InnoDB AUTO_INCREMENT = 2 CHARACTER SET = utf8mb4 COLLATE = utf8mb4_0900_ai_ci ROW_FORMAT = Dynamic;

-- ----------------------------
-- Records of configs
-- ----------------------------
INSERT INTO `configs` VALUES (1, '蝙蝠它也怕黑的个人博客', 'https://cdn.jsdelivr.net/gh/ihewro/blog_now@master/logo.svg', '© 2020 Copyright ', '晋ICP备20001796号-2', '2020-11-24 20:29:18', '2020-12-11 02:54:34', NULL);

-- ----------------------------
-- Table structure for everydays
-- ----------------------------
DROP TABLE IF EXISTS `everydays`;
CREATE TABLE `everydays`  (
  `id` int(0) NOT NULL AUTO_INCREMENT,
  `content` varchar(1000) CHARACTER SET utf8mb4 COLLATE utf8mb4_0900_ai_ci NOT NULL,
  `createdAt` datetime(0) NOT NULL,
  `updatedAt` datetime(0) NOT NULL,
  `deletedAt` datetime(0) NULL DEFAULT NULL,
  PRIMARY KEY (`id`) USING BTREE
) ENGINE = InnoDB AUTO_INCREMENT = 22 CHARACTER SET = utf8mb4 COLLATE = utf8mb4_0900_ai_ci ROW_FORMAT = Dynamic;

-- ----------------------------
-- Records of everydays
-- ----------------------------
INSERT INTO `everydays` VALUES (1, '无论撒怎样的谎，都无法欺骗自己的心。', '2020-11-30 07:01:08', '2020-11-30 07:01:08', NULL);
INSERT INTO `everydays` VALUES (2, '你的笑容怡人如晚霞般，在川流不息的时光中，神采飞扬。', '2020-11-30 07:01:19', '2020-11-30 07:01:19', NULL);
INSERT INTO `everydays` VALUES (3, '诸行无常、诸法无我、涅槃喧嚣。', '2020-11-30 07:01:29', '2020-12-10 09:58:22', NULL);
INSERT INTO `everydays` VALUES (4, '知识有两种，一种是你知道的，一种是你知道在哪里能找到的！', '2020-11-30 07:01:39', '2020-11-30 07:01:39', NULL);
INSERT INTO `everydays` VALUES (5, '悲痛的事，温柔以对；难过的事，坚强以对。', '2020-11-30 07:01:48', '2020-11-30 07:01:48', NULL);
INSERT INTO `everydays` VALUES (6, '如果温柔是罪，那就只能用拳头来洗清我们犯下的罪孽。', '2020-11-30 07:01:57', '2020-11-30 07:01:57', NULL);
INSERT INTO `everydays` VALUES (7, '你不会独属于我，但我心中有你的专属位置。', '2020-11-30 07:02:05', '2020-11-30 07:02:05', NULL);
INSERT INTO `everydays` VALUES (8, '神曲的存在并不是为了享受音乐，而是品味那段最珍贵的回忆。', '2020-11-30 07:02:17', '2020-11-30 07:02:17', NULL);
INSERT INTO `everydays` VALUES (9, '为遇一人而入红尘，人去我亦去，此生不留尘。', '2020-11-30 07:02:26', '2020-11-30 07:02:26', NULL);
INSERT INTO `everydays` VALUES (10, '一件事物与其自身完全一致', '2020-11-30 07:02:38', '2020-11-30 07:02:38', NULL);
INSERT INTO `everydays` VALUES (11, '生活中寻找文艺的过程也是一种文艺。', '2020-11-30 07:02:48', '2020-11-30 07:02:48', NULL);
INSERT INTO `everydays` VALUES (12, '为了终止绝望的连锁，希望她能化为照亮正确道路的灯火。', '2020-11-30 07:02:58', '2020-11-30 07:02:58', NULL);
INSERT INTO `everydays` VALUES (13, '哪有顷刻之间的心灰意冷，有的，只是日积月累的看透罢了。', '2020-11-30 07:03:05', '2020-11-30 07:03:05', NULL);
INSERT INTO `everydays` VALUES (14, '心情已经习惯和候鸟一起迁徙只是有些仓惶而已。', '2020-11-30 07:03:14', '2020-11-30 07:03:14', NULL);
INSERT INTO `everydays` VALUES (15, '你不会独属于我，但我心中有你的专属位置。', '2020-11-30 07:03:21', '2020-11-30 07:03:21', NULL);
INSERT INTO `everydays` VALUES (16, '心比顽石，药师无益，心若水泊，浮萍无存。', '2020-11-30 07:03:28', '2020-11-30 07:03:28', NULL);
INSERT INTO `everydays` VALUES (17, '祈愿万家灯火熨烫过脉络，刀山与火海多深刻，都陪你渡过。', '2020-11-30 07:03:36', '2020-11-30 07:03:36', NULL);
INSERT INTO `everydays` VALUES (18, '我今天就是要带她走，我看哪个敢拦我。', '2020-11-30 07:03:44', '2020-11-30 07:03:44', NULL);
INSERT INTO `everydays` VALUES (19, '黑云翻墨未遮山，白雨跳珠乱入船。', '2020-11-30 07:03:52', '2020-11-30 07:03:52', NULL);
INSERT INTO `everydays` VALUES (20, '我战斗到了最后一刻！', '2020-11-30 07:03:58', '2020-11-30 07:03:58', '2020-12-10 09:58:31');
INSERT INTO `everydays` VALUES (21, '1321312321', '2020-12-10 10:26:33', '2020-12-10 10:26:33', '2020-12-10 10:26:41');

-- ----------------------------
-- Table structure for labels
-- ----------------------------
DROP TABLE IF EXISTS `labels`;
CREATE TABLE `labels`  (
  `id` int(0) NOT NULL AUTO_INCREMENT,
  `title` varchar(255) CHARACTER SET utf8mb4 COLLATE utf8mb4_0900_ai_ci NOT NULL,
  `createdAt` datetime(0) NOT NULL,
  `updatedAt` datetime(0) NOT NULL,
  `deletedAt` datetime(0) NULL DEFAULT NULL,
  PRIMARY KEY (`id`) USING BTREE
) ENGINE = InnoDB AUTO_INCREMENT = 23 CHARACTER SET = utf8mb4 COLLATE = utf8mb4_0900_ai_ci ROW_FORMAT = Dynamic;

-- ----------------------------
-- Records of labels
-- ----------------------------
INSERT INTO `labels` VALUES (1, 'JavaScript', '2020-11-24 18:38:29', '2020-11-24 18:38:31', NULL);
INSERT INTO `labels` VALUES (2, '小时候', '2020-12-03 08:48:44', '2020-12-10 09:56:08', '2020-12-10 09:56:30');
INSERT INTO `labels` VALUES (3, '喜欢', '2020-12-03 08:48:50', '2020-12-03 08:48:50', NULL);
INSERT INTO `labels` VALUES (4, 'VUE', '2020-12-03 08:48:54', '2020-12-03 08:48:54', NULL);
INSERT INTO `labels` VALUES (5, 'Java', '2020-12-03 08:49:02', '2020-12-03 08:49:02', NULL);
INSERT INTO `labels` VALUES (6, '生活', '2020-12-03 08:49:07', '2020-12-03 08:49:07', NULL);
INSERT INTO `labels` VALUES (7, 'NodeJs', '2020-12-03 08:49:14', '2020-12-03 08:49:14', NULL);
INSERT INTO `labels` VALUES (8, 'jQuery', '2020-12-03 08:49:20', '2020-12-03 08:49:20', NULL);
INSERT INTO `labels` VALUES (9, 'React', '2020-12-03 08:49:28', '2020-12-03 08:49:28', NULL);
INSERT INTO `labels` VALUES (10, 'CSS', '2020-12-03 08:49:35', '2020-12-03 08:49:35', NULL);
INSERT INTO `labels` VALUES (11, 'HTML', '2020-12-03 08:49:40', '2020-12-03 08:49:40', NULL);
INSERT INTO `labels` VALUES (12, 'Python', '2020-12-03 08:49:46', '2020-12-03 08:49:46', NULL);
INSERT INTO `labels` VALUES (13, 'Webpack', '2020-12-03 08:49:52', '2020-12-03 08:49:52', NULL);
INSERT INTO `labels` VALUES (14, '工作', '2020-12-03 08:50:00', '2020-12-03 08:50:00', NULL);
INSERT INTO `labels` VALUES (15, '项目', '2020-12-03 08:50:05', '2020-12-03 08:50:05', NULL);
INSERT INTO `labels` VALUES (16, '日常', '2020-12-03 08:50:08', '2020-12-03 08:50:08', NULL);
INSERT INTO `labels` VALUES (17, '代码', '2020-12-03 08:50:20', '2020-12-03 08:50:20', NULL);
INSERT INTO `labels` VALUES (18, 'Bootstrap', '2020-12-03 08:50:27', '2020-12-03 08:50:27', NULL);
INSERT INTO `labels` VALUES (19, '同学', '2020-12-03 14:38:37', '2020-12-03 14:38:37', NULL);
INSERT INTO `labels` VALUES (20, '音乐', '2020-12-03 14:38:49', '2020-12-03 14:38:49', NULL);
INSERT INTO `labels` VALUES (21, 'ES6', '2020-12-03 14:38:57', '2020-12-03 14:38:57', NULL);
INSERT INTO `labels` VALUES (22, '日常分享', '2020-12-10 10:16:36', '2020-12-10 10:16:36', NULL);

-- ----------------------------
-- Table structure for pages
-- ----------------------------
DROP TABLE IF EXISTS `pages`;
CREATE TABLE `pages`  (
  `id` int(0) NOT NULL AUTO_INCREMENT,
  `title` varchar(255) CHARACTER SET utf8mb4 COLLATE utf8mb4_0900_ai_ci NOT NULL,
  `describe` varchar(1000) CHARACTER SET utf8mb4 COLLATE utf8mb4_0900_ai_ci NOT NULL,
  `content` varchar(10000) CHARACTER SET utf8mb4 COLLATE utf8mb4_0900_ai_ci NOT NULL,
  `cover` varchar(1000) CHARACTER SET utf8mb4 COLLATE utf8mb4_0900_ai_ci NOT NULL,
  `pageName` varchar(255) CHARACTER SET utf8mb4 COLLATE utf8mb4_0900_ai_ci NOT NULL,
  `createdAt` datetime(0) NOT NULL,
  `updatedAt` datetime(0) NOT NULL,
  `deletedAt` datetime(0) NULL DEFAULT NULL,
  PRIMARY KEY (`id`) USING BTREE
) ENGINE = InnoDB AUTO_INCREMENT = 5 CHARACTER SET = utf8mb4 COLLATE = utf8mb4_0900_ai_ci ROW_FORMAT = Dynamic;

-- ----------------------------
-- Records of pages
-- ----------------------------
INSERT INTO `pages` VALUES (1, 'mac的全称你知道是什么吗？', 'mac的全称你知道是什么吗？Macintosh，译名是麦金塔。 ', '# mac的全称你知道是什么吗？ #  \n\nmac的全称你知道是什么吗？Macintosh，译名是麦金塔。 \n  \n苹果电脑的第一个版本发布于1984年，其命名为Macintosh System 1，一直到第9个版本（1999年推出9.0版本），这些系统被统称为Classic Mac OS。而Classic Mac OS 最初使用 Pascal作为首要的开发语言，然而到了1990年，大部分的mac 软件、库都是使用c++进行开发的。  \n  \n![avatar](https://timgsa.baidu.com/timg?image&quality=80&size=b9999_10000&sec=1607705166124&di=726d4075ea6e9d70659e943c791b3d93&imgtype=0&src=http%3A%2F%2Fattach.bbs.miui.com%2Fforum%2F201305%2F29%2F101838y2tkuxpfopkwzpvg.jpg)\n\n1985年，乔布斯离开苹果公司，独立创建了NEXT公司，开了NeXTSTEP操作系统，该系统基于Mach和BSD，以object-c 为语言基础完成1。1995年发布了最后一个版本3.3。NEXT公司后来和SUN公司合作将NEXTSTEP操作系统重新命名为OpenStep。\n1996年，乔布斯重回苹果。2  \n  \n苹果公司随后收购了NEXT公司，基于OPENSTEP，开发出了一个新的操作系统Rhapsody（狂想曲）。该系统为了与之前的Classic Mac OS 兼容，使用了一个新的策略：保留了大部分的OPENSTEP的对象库,移植了大部分的OPENSTREP的GUI的api，并命名为 \"Yellow Box\"（黄盒）。并添加了一个运行现有Mac OS软件的名为“Blue Box”（蓝盒）的模拟器。在这个模拟器中运行过去的软件。（因为过去的软件大部分是c++，而openstep基于object-c编写）  \n  \n```javascript\ngetData() {\n    marked.setOptions({\n        renderer: new marked.Renderer(),\n        highlight: function(code) {\n            return hljs.highlightAuto(code).value;\n        },\n        pedantic: false,\n        gfm: true,\n        tables: true,\n        breaks: false,\n        sanitize: false,\n        smartLists: true,\n        smartypants: false,\n        xhtml: false\n    });\n    this.code = marked(this.contentData.content)\n}\n```\n \n可以看到Rhapsody是openStep的一个直接继承，但是增加了一个模拟器用于兼容过去系统中的软件。即Rhapsody = 黄盒 + 蓝盒，其中的黄盒则基本上是openstep代码的一个重组。  \n  \n这个改变在1997年的WWDC大会上公布，很多开发者不满，他们不希望他们的软件运行在一个可能不会更新的“Blue Box”的模拟器中。他们甚至把这个蓝盒子亲切的称为“惩罚盒子”。  \n  \n正是这一个问题，乔布斯在1998年的WWDC大会上宣布，苹果会发布一个现代化的版本，并且很好的兼容过去的系统。  \n  \n这正是carbon库的由来。carbon库基于c编写，而carbon框架也是苹果将Mac OSX带入市场的一个策略。  \n  \n为了推出carbon，苹果对Rhapsody整个系统进行了修改，Rhapsody模型实际上是带有仿真器的OpenStep。在新系统中，苹果使用纯c重写了openStep中的被称为Foundation部分的许多底层代码，并命名为core foundation（所以core foundation是基于c，并是carbon框架的一部分）。而yellowbox中代码逐渐演变成了cocoa框架。  \n   \n除此之外，carbon和cocoa则尽可能的共享通用代码。所以carbon和cocoa之间关于foundation模块中代码会进行一些函数映射，比如在cocoa中foundation kit 模块中，你可以随处看到类似typedef CGPoint NSPoint;的数据结构和函数的映射，将NS的数据结构和api转换到CF中。  \n\n虽然这对cocoa的项目有一些性能影响，因为调用cocoa的一些函数还需要将对象方法转换成c。但是据苹果称使用了toll-free bridging的技术降低了这个影响。  \n  \ncarbon 发布于2000年，在2001年，苹果发布了Mac OSX第一个版本，这个X 即是10的意思。此后几乎所有的软件都在使用carbon，苹果的官方应用也是如此，如finder。  \n  \n在新系统中，carbon和cocoa是peer关系。Rhapsody演变成了macosx，而yellowbox演变成了cocoa。  \n  \n好景不长，2007年，苹果发布了Mac OSX 10.5，从这个版本开始，苹果开始过渡到64位的应用程序。与此同时，苹果宣布64位的c编程环境不再提供与carbon的界面交互相关的api兼容。 Introduction to 64-Bit Guide for Carbon Developers 当年的apple 开发者首页是这样介绍10.5的变化的：  \n  \nMost APIs in Mac OS X v10.5 are available to both 32-bit and 64-bit applications, but some APIs commonly used by Carbon applications are not. In particular, the APIs used to implement a Carbon user interface are generally available only to 32-bit applications. If you want to create a 64-bit application for Mac OS X, you need to use Cocoa to implement its user interface.  \n即与界面交互相关的api只能适用于32位的程序，否则需要使用cocoa来进行创建应用程序。  \n![avatar](https://timgsa.baidu.com/timg?image&quality=80&size=b9999_10000&sec=1607705166124&di=726d4075ea6e9d70659e943c791b3d93&imgtype=0&src=http%3A%2F%2Fattach.bbs.miui.com%2Fforum%2F201305%2F29%2F101838y2tkuxpfopkwzpvg.jpg)\n2012年，苹果发布了 OS X 10.8 版本。此时carbon大部分的api都已经被deprecated，但仍然可以使用，苹果并宣布不再更新carbon的框架内容。2017年苹果发布的10.13，苹果宣布此后的mac os 版本将不再支持32位应用程序，这一决定在mac os 10.15正式的生效了。  \n    \n在命名前缀规则中，从一开始Mac OS X 到2012年发布的10.8中，命名前缀改成了OS X 10.8。一直到2016年发布的10.12版本及其之后的版本中中，命名的前缀又改成了Mac OS。  \n  \n历史就到这里了，carbon已经完成了Mac OSX 的使命——发布现代化并且兼容旧系统程序的操作系统。但是随着64位应用程序的普及，mac已经不再推荐使用carbon。尽管如此，如果不使用界面库相关的api，carbon库实际上仍然可以在64位的应用程序中使用。  \n  \n下面简单介绍cocoa和 carbon两个框架中包含的内容：\ncarbon#Architecture) 的一部分是来自于Macintosh Toolbox，Toolbox是Classic Mac OS中的一个库，是由许多manager组成。实现了很多高级功能，如绘制图形、菜单管理器、内存管理等等。  \n  \ncarbon最初来自于toolbox的重组，所以carbon也是由多个manager组成的。后续增加的代码大部分代码都是基于core foundation。  \n\n其中core foundation包含了下面几个模块：  \n\n> Core Animation  \n> Core Audio  \n> Core Data 这个在cocoa中也包含了同样的代码，同样基于c开发  \n> Core Graphics  \n> Core Image  \n> Core Location  \n> Core OpenGL  \n> Core Services  \n> Core Text  \n> Core Video  \n> cocoa) 包含了  \n\nFoundation Kit 作为openstep中的遗产，其类的前缀为NS，是一个通用的面向对象的库，提供字符串和值操作，容器和迭代，分布式计算，事件循环（运行循环）以及其他未直接与图形用户界面绑定的功能。拥有的class有  \n\n> 1.1 NSObject  \n> 1.2 NSString and NSMutableString  \n> 1.3 NSValue and NSNumber  \n> 1.4 NSArray and NSMutableArray  \n> 1.5 NSDictionary and NSMutableDictionary  \n> 1.6 NSSet and NSMutableSet  \n> 1.7 NSData and NSMutableData  \n> 1.8 NSDate, NSTimeZone and NSCalendar  \nAppKit 同样是openstep的遗产，其类和变量的前缀为NS，它包含可用于创建图形用户界面并与之交互的代码程序。拥有的class有：  \n\nNSApplication，获得某个应用的对象  \nNSWindow: 获得窗口的对象  \nNSView  \nNSResponder  \nNSDocument  \nNSController  \ncore data 是core foundation的一部分，也被包含在了cocoa中。  \n可以看到虽然cocoa和carbon 在很早是平行的关系，事实上他们的绘制窗口相关的界面库并不是相同的，界面的显示效果也是不同的。其中一个来自toolbox，另一个来自openstep。  \n\n如果简单粗略的说，其中  \n\ncocoa = openstep中的大部分对象库-->foundation + openstep中的UI库-->Appkit + core data  \ncarbon = core foundation + toolbox重组过来的界面库  \n其中foundation kit 有很多与core foundation函数的映射，所以foundation.h中也包含了很多core  \n foundation模块中的头文件。  \n\n\n', 'https://timgsa.baidu.com/timg?image&quality=80&size=b9999_10000&sec=1607774548138&di=7f88344503f46e58046fbc8a0595d2e3&imgtype=0&src=http%3A%2F%2Fattachments.gfan.com%2Fforum%2F201503%2F19%2F211608ztcq7higicydxhsy.jpg', '仓库', '2020-12-09 19:20:30', '2020-12-12 09:14:42', NULL);
INSERT INTO `pages` VALUES (2, '啊沙发上大多数', '12312312', '1231312', '12313212', '朋友', '2020-12-09 19:23:01', '2020-12-09 19:23:03', NULL);
INSERT INTO `pages` VALUES (3, '123123', '日记', '21412412', '12412312', '日记', '2020-12-09 11:52:18', '2020-12-09 11:52:18', NULL);
INSERT INTO `pages` VALUES (4, '你好', '1232132132', '241231231', '4121212312', '哈哈哈', '2020-12-10 08:32:10', '2020-12-10 08:35:26', '2020-12-10 08:36:35');

-- ----------------------------
-- Table structure for replies
-- ----------------------------
DROP TABLE IF EXISTS `replies`;
CREATE TABLE `replies`  (
  `id` int(0) NOT NULL AUTO_INCREMENT,
  `content` varchar(1000) CHARACTER SET utf8mb4 COLLATE utf8mb4_0900_ai_ci NOT NULL,
  `userName` varchar(255) CHARACTER SET utf8mb4 COLLATE utf8mb4_0900_ai_ci NOT NULL,
  `email` varchar(255) CHARACTER SET utf8mb4 COLLATE utf8mb4_0900_ai_ci NOT NULL,
  `createdAt` datetime(0) NOT NULL,
  `updatedAt` datetime(0) NOT NULL,
  `deletedAt` datetime(0) NULL DEFAULT NULL,
  `CommentId` int(0) NULL DEFAULT NULL,
  `type` varchar(255) CHARACTER SET utf8mb4 COLLATE utf8mb4_0900_ai_ci NOT NULL,
  PRIMARY KEY (`id`) USING BTREE,
  INDEX `CommentId`(`CommentId`) USING BTREE,
  CONSTRAINT `replies_ibfk_1` FOREIGN KEY (`CommentId`) REFERENCES `comments` (`id`) ON DELETE SET NULL ON UPDATE CASCADE,
  CONSTRAINT `replies_ibfk_10` FOREIGN KEY (`CommentId`) REFERENCES `comments` (`id`) ON DELETE SET NULL ON UPDATE CASCADE,
  CONSTRAINT `replies_ibfk_100` FOREIGN KEY (`CommentId`) REFERENCES `comments` (`id`) ON DELETE SET NULL ON UPDATE CASCADE,
  CONSTRAINT `replies_ibfk_101` FOREIGN KEY (`CommentId`) REFERENCES `comments` (`id`) ON DELETE SET NULL ON UPDATE CASCADE,
  CONSTRAINT `replies_ibfk_102` FOREIGN KEY (`CommentId`) REFERENCES `comments` (`id`) ON DELETE SET NULL ON UPDATE CASCADE,
  CONSTRAINT `replies_ibfk_103` FOREIGN KEY (`CommentId`) REFERENCES `comments` (`id`) ON DELETE SET NULL ON UPDATE CASCADE,
  CONSTRAINT `replies_ibfk_104` FOREIGN KEY (`CommentId`) REFERENCES `comments` (`id`) ON DELETE SET NULL ON UPDATE CASCADE,
  CONSTRAINT `replies_ibfk_105` FOREIGN KEY (`CommentId`) REFERENCES `comments` (`id`) ON DELETE SET NULL ON UPDATE CASCADE,
  CONSTRAINT `replies_ibfk_106` FOREIGN KEY (`CommentId`) REFERENCES `comments` (`id`) ON DELETE SET NULL ON UPDATE CASCADE,
  CONSTRAINT `replies_ibfk_107` FOREIGN KEY (`CommentId`) REFERENCES `comments` (`id`) ON DELETE SET NULL ON UPDATE CASCADE,
  CONSTRAINT `replies_ibfk_108` FOREIGN KEY (`CommentId`) REFERENCES `comments` (`id`) ON DELETE SET NULL ON UPDATE CASCADE,
  CONSTRAINT `replies_ibfk_109` FOREIGN KEY (`CommentId`) REFERENCES `comments` (`id`) ON DELETE SET NULL ON UPDATE CASCADE,
  CONSTRAINT `replies_ibfk_11` FOREIGN KEY (`CommentId`) REFERENCES `comments` (`id`) ON DELETE SET NULL ON UPDATE CASCADE,
  CONSTRAINT `replies_ibfk_110` FOREIGN KEY (`CommentId`) REFERENCES `comments` (`id`) ON DELETE SET NULL ON UPDATE CASCADE,
  CONSTRAINT `replies_ibfk_111` FOREIGN KEY (`CommentId`) REFERENCES `comments` (`id`) ON DELETE SET NULL ON UPDATE CASCADE,
  CONSTRAINT `replies_ibfk_112` FOREIGN KEY (`CommentId`) REFERENCES `comments` (`id`) ON DELETE SET NULL ON UPDATE CASCADE,
  CONSTRAINT `replies_ibfk_113` FOREIGN KEY (`CommentId`) REFERENCES `comments` (`id`) ON DELETE SET NULL ON UPDATE CASCADE,
  CONSTRAINT `replies_ibfk_114` FOREIGN KEY (`CommentId`) REFERENCES `comments` (`id`) ON DELETE SET NULL ON UPDATE CASCADE,
  CONSTRAINT `replies_ibfk_115` FOREIGN KEY (`CommentId`) REFERENCES `comments` (`id`) ON DELETE SET NULL ON UPDATE CASCADE,
  CONSTRAINT `replies_ibfk_116` FOREIGN KEY (`CommentId`) REFERENCES `comments` (`id`) ON DELETE SET NULL ON UPDATE CASCADE,
  CONSTRAINT `replies_ibfk_117` FOREIGN KEY (`CommentId`) REFERENCES `comments` (`id`) ON DELETE SET NULL ON UPDATE CASCADE,
  CONSTRAINT `replies_ibfk_118` FOREIGN KEY (`CommentId`) REFERENCES `comments` (`id`) ON DELETE SET NULL ON UPDATE CASCADE,
  CONSTRAINT `replies_ibfk_119` FOREIGN KEY (`CommentId`) REFERENCES `comments` (`id`) ON DELETE SET NULL ON UPDATE CASCADE,
  CONSTRAINT `replies_ibfk_12` FOREIGN KEY (`CommentId`) REFERENCES `comments` (`id`) ON DELETE SET NULL ON UPDATE CASCADE,
  CONSTRAINT `replies_ibfk_120` FOREIGN KEY (`CommentId`) REFERENCES `comments` (`id`) ON DELETE SET NULL ON UPDATE CASCADE,
  CONSTRAINT `replies_ibfk_121` FOREIGN KEY (`CommentId`) REFERENCES `comments` (`id`) ON DELETE SET NULL ON UPDATE CASCADE,
  CONSTRAINT `replies_ibfk_122` FOREIGN KEY (`CommentId`) REFERENCES `comments` (`id`) ON DELETE SET NULL ON UPDATE CASCADE,
  CONSTRAINT `replies_ibfk_123` FOREIGN KEY (`CommentId`) REFERENCES `comments` (`id`) ON DELETE SET NULL ON UPDATE CASCADE,
  CONSTRAINT `replies_ibfk_13` FOREIGN KEY (`CommentId`) REFERENCES `comments` (`id`) ON DELETE SET NULL ON UPDATE CASCADE,
  CONSTRAINT `replies_ibfk_14` FOREIGN KEY (`CommentId`) REFERENCES `comments` (`id`) ON DELETE SET NULL ON UPDATE CASCADE,
  CONSTRAINT `replies_ibfk_15` FOREIGN KEY (`CommentId`) REFERENCES `comments` (`id`) ON DELETE SET NULL ON UPDATE CASCADE,
  CONSTRAINT `replies_ibfk_16` FOREIGN KEY (`CommentId`) REFERENCES `comments` (`id`) ON DELETE SET NULL ON UPDATE CASCADE,
  CONSTRAINT `replies_ibfk_17` FOREIGN KEY (`CommentId`) REFERENCES `comments` (`id`) ON DELETE SET NULL ON UPDATE CASCADE,
  CONSTRAINT `replies_ibfk_18` FOREIGN KEY (`CommentId`) REFERENCES `comments` (`id`) ON DELETE SET NULL ON UPDATE CASCADE,
  CONSTRAINT `replies_ibfk_19` FOREIGN KEY (`CommentId`) REFERENCES `comments` (`id`) ON DELETE SET NULL ON UPDATE CASCADE,
  CONSTRAINT `replies_ibfk_2` FOREIGN KEY (`CommentId`) REFERENCES `comments` (`id`) ON DELETE SET NULL ON UPDATE CASCADE,
  CONSTRAINT `replies_ibfk_20` FOREIGN KEY (`CommentId`) REFERENCES `comments` (`id`) ON DELETE SET NULL ON UPDATE CASCADE,
  CONSTRAINT `replies_ibfk_21` FOREIGN KEY (`CommentId`) REFERENCES `comments` (`id`) ON DELETE SET NULL ON UPDATE CASCADE,
  CONSTRAINT `replies_ibfk_22` FOREIGN KEY (`CommentId`) REFERENCES `comments` (`id`) ON DELETE SET NULL ON UPDATE CASCADE,
  CONSTRAINT `replies_ibfk_23` FOREIGN KEY (`CommentId`) REFERENCES `comments` (`id`) ON DELETE SET NULL ON UPDATE CASCADE,
  CONSTRAINT `replies_ibfk_24` FOREIGN KEY (`CommentId`) REFERENCES `comments` (`id`) ON DELETE SET NULL ON UPDATE CASCADE,
  CONSTRAINT `replies_ibfk_25` FOREIGN KEY (`CommentId`) REFERENCES `comments` (`id`) ON DELETE SET NULL ON UPDATE CASCADE,
  CONSTRAINT `replies_ibfk_26` FOREIGN KEY (`CommentId`) REFERENCES `comments` (`id`) ON DELETE SET NULL ON UPDATE CASCADE,
  CONSTRAINT `replies_ibfk_27` FOREIGN KEY (`CommentId`) REFERENCES `comments` (`id`) ON DELETE SET NULL ON UPDATE CASCADE,
  CONSTRAINT `replies_ibfk_28` FOREIGN KEY (`CommentId`) REFERENCES `comments` (`id`) ON DELETE SET NULL ON UPDATE CASCADE,
  CONSTRAINT `replies_ibfk_29` FOREIGN KEY (`CommentId`) REFERENCES `comments` (`id`) ON DELETE SET NULL ON UPDATE CASCADE,
  CONSTRAINT `replies_ibfk_3` FOREIGN KEY (`CommentId`) REFERENCES `comments` (`id`) ON DELETE SET NULL ON UPDATE CASCADE,
  CONSTRAINT `replies_ibfk_30` FOREIGN KEY (`CommentId`) REFERENCES `comments` (`id`) ON DELETE SET NULL ON UPDATE CASCADE,
  CONSTRAINT `replies_ibfk_31` FOREIGN KEY (`CommentId`) REFERENCES `comments` (`id`) ON DELETE SET NULL ON UPDATE CASCADE,
  CONSTRAINT `replies_ibfk_32` FOREIGN KEY (`CommentId`) REFERENCES `comments` (`id`) ON DELETE SET NULL ON UPDATE CASCADE,
  CONSTRAINT `replies_ibfk_33` FOREIGN KEY (`CommentId`) REFERENCES `comments` (`id`) ON DELETE SET NULL ON UPDATE CASCADE,
  CONSTRAINT `replies_ibfk_34` FOREIGN KEY (`CommentId`) REFERENCES `comments` (`id`) ON DELETE SET NULL ON UPDATE CASCADE,
  CONSTRAINT `replies_ibfk_35` FOREIGN KEY (`CommentId`) REFERENCES `comments` (`id`) ON DELETE SET NULL ON UPDATE CASCADE,
  CONSTRAINT `replies_ibfk_36` FOREIGN KEY (`CommentId`) REFERENCES `comments` (`id`) ON DELETE SET NULL ON UPDATE CASCADE,
  CONSTRAINT `replies_ibfk_37` FOREIGN KEY (`CommentId`) REFERENCES `comments` (`id`) ON DELETE SET NULL ON UPDATE CASCADE,
  CONSTRAINT `replies_ibfk_38` FOREIGN KEY (`CommentId`) REFERENCES `comments` (`id`) ON DELETE SET NULL ON UPDATE CASCADE,
  CONSTRAINT `replies_ibfk_39` FOREIGN KEY (`CommentId`) REFERENCES `comments` (`id`) ON DELETE SET NULL ON UPDATE CASCADE,
  CONSTRAINT `replies_ibfk_4` FOREIGN KEY (`CommentId`) REFERENCES `comments` (`id`) ON DELETE SET NULL ON UPDATE CASCADE,
  CONSTRAINT `replies_ibfk_40` FOREIGN KEY (`CommentId`) REFERENCES `comments` (`id`) ON DELETE SET NULL ON UPDATE CASCADE,
  CONSTRAINT `replies_ibfk_41` FOREIGN KEY (`CommentId`) REFERENCES `comments` (`id`) ON DELETE SET NULL ON UPDATE CASCADE,
  CONSTRAINT `replies_ibfk_42` FOREIGN KEY (`CommentId`) REFERENCES `comments` (`id`) ON DELETE SET NULL ON UPDATE CASCADE,
  CONSTRAINT `replies_ibfk_43` FOREIGN KEY (`CommentId`) REFERENCES `comments` (`id`) ON DELETE SET NULL ON UPDATE CASCADE,
  CONSTRAINT `replies_ibfk_44` FOREIGN KEY (`CommentId`) REFERENCES `comments` (`id`) ON DELETE SET NULL ON UPDATE CASCADE,
  CONSTRAINT `replies_ibfk_45` FOREIGN KEY (`CommentId`) REFERENCES `comments` (`id`) ON DELETE SET NULL ON UPDATE CASCADE,
  CONSTRAINT `replies_ibfk_46` FOREIGN KEY (`CommentId`) REFERENCES `comments` (`id`) ON DELETE SET NULL ON UPDATE CASCADE,
  CONSTRAINT `replies_ibfk_47` FOREIGN KEY (`CommentId`) REFERENCES `comments` (`id`) ON DELETE SET NULL ON UPDATE CASCADE,
  CONSTRAINT `replies_ibfk_48` FOREIGN KEY (`CommentId`) REFERENCES `comments` (`id`) ON DELETE SET NULL ON UPDATE CASCADE,
  CONSTRAINT `replies_ibfk_49` FOREIGN KEY (`CommentId`) REFERENCES `comments` (`id`) ON DELETE SET NULL ON UPDATE CASCADE,
  CONSTRAINT `replies_ibfk_5` FOREIGN KEY (`CommentId`) REFERENCES `comments` (`id`) ON DELETE SET NULL ON UPDATE CASCADE,
  CONSTRAINT `replies_ibfk_50` FOREIGN KEY (`CommentId`) REFERENCES `comments` (`id`) ON DELETE SET NULL ON UPDATE CASCADE,
  CONSTRAINT `replies_ibfk_51` FOREIGN KEY (`CommentId`) REFERENCES `comments` (`id`) ON DELETE SET NULL ON UPDATE CASCADE,
  CONSTRAINT `replies_ibfk_52` FOREIGN KEY (`CommentId`) REFERENCES `comments` (`id`) ON DELETE SET NULL ON UPDATE CASCADE,
  CONSTRAINT `replies_ibfk_53` FOREIGN KEY (`CommentId`) REFERENCES `comments` (`id`) ON DELETE SET NULL ON UPDATE CASCADE,
  CONSTRAINT `replies_ibfk_54` FOREIGN KEY (`CommentId`) REFERENCES `comments` (`id`) ON DELETE SET NULL ON UPDATE CASCADE,
  CONSTRAINT `replies_ibfk_55` FOREIGN KEY (`CommentId`) REFERENCES `comments` (`id`) ON DELETE SET NULL ON UPDATE CASCADE,
  CONSTRAINT `replies_ibfk_56` FOREIGN KEY (`CommentId`) REFERENCES `comments` (`id`) ON DELETE SET NULL ON UPDATE CASCADE,
  CONSTRAINT `replies_ibfk_57` FOREIGN KEY (`CommentId`) REFERENCES `comments` (`id`) ON DELETE SET NULL ON UPDATE CASCADE,
  CONSTRAINT `replies_ibfk_58` FOREIGN KEY (`CommentId`) REFERENCES `comments` (`id`) ON DELETE SET NULL ON UPDATE CASCADE,
  CONSTRAINT `replies_ibfk_59` FOREIGN KEY (`CommentId`) REFERENCES `comments` (`id`) ON DELETE SET NULL ON UPDATE CASCADE,
  CONSTRAINT `replies_ibfk_6` FOREIGN KEY (`CommentId`) REFERENCES `comments` (`id`) ON DELETE SET NULL ON UPDATE CASCADE,
  CONSTRAINT `replies_ibfk_60` FOREIGN KEY (`CommentId`) REFERENCES `comments` (`id`) ON DELETE SET NULL ON UPDATE CASCADE,
  CONSTRAINT `replies_ibfk_61` FOREIGN KEY (`CommentId`) REFERENCES `comments` (`id`) ON DELETE SET NULL ON UPDATE CASCADE,
  CONSTRAINT `replies_ibfk_62` FOREIGN KEY (`CommentId`) REFERENCES `comments` (`id`) ON DELETE SET NULL ON UPDATE CASCADE,
  CONSTRAINT `replies_ibfk_63` FOREIGN KEY (`CommentId`) REFERENCES `comments` (`id`) ON DELETE SET NULL ON UPDATE CASCADE,
  CONSTRAINT `replies_ibfk_64` FOREIGN KEY (`CommentId`) REFERENCES `comments` (`id`) ON DELETE SET NULL ON UPDATE CASCADE,
  CONSTRAINT `replies_ibfk_65` FOREIGN KEY (`CommentId`) REFERENCES `comments` (`id`) ON DELETE SET NULL ON UPDATE CASCADE,
  CONSTRAINT `replies_ibfk_66` FOREIGN KEY (`CommentId`) REFERENCES `comments` (`id`) ON DELETE SET NULL ON UPDATE CASCADE,
  CONSTRAINT `replies_ibfk_67` FOREIGN KEY (`CommentId`) REFERENCES `comments` (`id`) ON DELETE SET NULL ON UPDATE CASCADE,
  CONSTRAINT `replies_ibfk_68` FOREIGN KEY (`CommentId`) REFERENCES `comments` (`id`) ON DELETE SET NULL ON UPDATE CASCADE,
  CONSTRAINT `replies_ibfk_69` FOREIGN KEY (`CommentId`) REFERENCES `comments` (`id`) ON DELETE SET NULL ON UPDATE CASCADE,
  CONSTRAINT `replies_ibfk_7` FOREIGN KEY (`CommentId`) REFERENCES `comments` (`id`) ON DELETE SET NULL ON UPDATE CASCADE,
  CONSTRAINT `replies_ibfk_70` FOREIGN KEY (`CommentId`) REFERENCES `comments` (`id`) ON DELETE SET NULL ON UPDATE CASCADE,
  CONSTRAINT `replies_ibfk_71` FOREIGN KEY (`CommentId`) REFERENCES `comments` (`id`) ON DELETE SET NULL ON UPDATE CASCADE,
  CONSTRAINT `replies_ibfk_72` FOREIGN KEY (`CommentId`) REFERENCES `comments` (`id`) ON DELETE SET NULL ON UPDATE CASCADE,
  CONSTRAINT `replies_ibfk_73` FOREIGN KEY (`CommentId`) REFERENCES `comments` (`id`) ON DELETE SET NULL ON UPDATE CASCADE,
  CONSTRAINT `replies_ibfk_74` FOREIGN KEY (`CommentId`) REFERENCES `comments` (`id`) ON DELETE SET NULL ON UPDATE CASCADE,
  CONSTRAINT `replies_ibfk_75` FOREIGN KEY (`CommentId`) REFERENCES `comments` (`id`) ON DELETE SET NULL ON UPDATE CASCADE,
  CONSTRAINT `replies_ibfk_76` FOREIGN KEY (`CommentId`) REFERENCES `comments` (`id`) ON DELETE SET NULL ON UPDATE CASCADE,
  CONSTRAINT `replies_ibfk_77` FOREIGN KEY (`CommentId`) REFERENCES `comments` (`id`) ON DELETE SET NULL ON UPDATE CASCADE,
  CONSTRAINT `replies_ibfk_78` FOREIGN KEY (`CommentId`) REFERENCES `comments` (`id`) ON DELETE SET NULL ON UPDATE CASCADE,
  CONSTRAINT `replies_ibfk_79` FOREIGN KEY (`CommentId`) REFERENCES `comments` (`id`) ON DELETE SET NULL ON UPDATE CASCADE,
  CONSTRAINT `replies_ibfk_8` FOREIGN KEY (`CommentId`) REFERENCES `comments` (`id`) ON DELETE SET NULL ON UPDATE CASCADE,
  CONSTRAINT `replies_ibfk_80` FOREIGN KEY (`CommentId`) REFERENCES `comments` (`id`) ON DELETE SET NULL ON UPDATE CASCADE,
  CONSTRAINT `replies_ibfk_81` FOREIGN KEY (`CommentId`) REFERENCES `comments` (`id`) ON DELETE SET NULL ON UPDATE CASCADE,
  CONSTRAINT `replies_ibfk_82` FOREIGN KEY (`CommentId`) REFERENCES `comments` (`id`) ON DELETE SET NULL ON UPDATE CASCADE,
  CONSTRAINT `replies_ibfk_83` FOREIGN KEY (`CommentId`) REFERENCES `comments` (`id`) ON DELETE SET NULL ON UPDATE CASCADE,
  CONSTRAINT `replies_ibfk_84` FOREIGN KEY (`CommentId`) REFERENCES `comments` (`id`) ON DELETE SET NULL ON UPDATE CASCADE,
  CONSTRAINT `replies_ibfk_85` FOREIGN KEY (`CommentId`) REFERENCES `comments` (`id`) ON DELETE SET NULL ON UPDATE CASCADE,
  CONSTRAINT `replies_ibfk_86` FOREIGN KEY (`CommentId`) REFERENCES `comments` (`id`) ON DELETE SET NULL ON UPDATE CASCADE,
  CONSTRAINT `replies_ibfk_87` FOREIGN KEY (`CommentId`) REFERENCES `comments` (`id`) ON DELETE SET NULL ON UPDATE CASCADE,
  CONSTRAINT `replies_ibfk_88` FOREIGN KEY (`CommentId`) REFERENCES `comments` (`id`) ON DELETE SET NULL ON UPDATE CASCADE,
  CONSTRAINT `replies_ibfk_89` FOREIGN KEY (`CommentId`) REFERENCES `comments` (`id`) ON DELETE SET NULL ON UPDATE CASCADE,
  CONSTRAINT `replies_ibfk_9` FOREIGN KEY (`CommentId`) REFERENCES `comments` (`id`) ON DELETE SET NULL ON UPDATE CASCADE,
  CONSTRAINT `replies_ibfk_90` FOREIGN KEY (`CommentId`) REFERENCES `comments` (`id`) ON DELETE SET NULL ON UPDATE CASCADE,
  CONSTRAINT `replies_ibfk_91` FOREIGN KEY (`CommentId`) REFERENCES `comments` (`id`) ON DELETE SET NULL ON UPDATE CASCADE,
  CONSTRAINT `replies_ibfk_92` FOREIGN KEY (`CommentId`) REFERENCES `comments` (`id`) ON DELETE SET NULL ON UPDATE CASCADE,
  CONSTRAINT `replies_ibfk_93` FOREIGN KEY (`CommentId`) REFERENCES `comments` (`id`) ON DELETE SET NULL ON UPDATE CASCADE,
  CONSTRAINT `replies_ibfk_94` FOREIGN KEY (`CommentId`) REFERENCES `comments` (`id`) ON DELETE SET NULL ON UPDATE CASCADE,
  CONSTRAINT `replies_ibfk_95` FOREIGN KEY (`CommentId`) REFERENCES `comments` (`id`) ON DELETE SET NULL ON UPDATE CASCADE,
  CONSTRAINT `replies_ibfk_96` FOREIGN KEY (`CommentId`) REFERENCES `comments` (`id`) ON DELETE SET NULL ON UPDATE CASCADE,
  CONSTRAINT `replies_ibfk_97` FOREIGN KEY (`CommentId`) REFERENCES `comments` (`id`) ON DELETE SET NULL ON UPDATE CASCADE,
  CONSTRAINT `replies_ibfk_98` FOREIGN KEY (`CommentId`) REFERENCES `comments` (`id`) ON DELETE SET NULL ON UPDATE CASCADE,
  CONSTRAINT `replies_ibfk_99` FOREIGN KEY (`CommentId`) REFERENCES `comments` (`id`) ON DELETE SET NULL ON UPDATE CASCADE
) ENGINE = InnoDB AUTO_INCREMENT = 9 CHARACTER SET = utf8mb4 COLLATE = utf8mb4_0900_ai_ci ROW_FORMAT = Dynamic;

-- ----------------------------
-- Records of replies
-- ----------------------------
INSERT INTO `replies` VALUES (1, '哪有顷刻之间的心灰意冷，有的，只是日积月累的看透罢了。哪有顷刻之间的心灰意冷，有的，只是日积月累的看透罢了。哪有顷刻之间的心灰意冷，有的，只是日积月累的看透罢了。哪有顷刻之间的心灰意冷，有的，只是日积月累的看透罢了。哪有顷刻之间的心灰意冷，有的，只是日积月累的看透罢了。哪有顷刻之间的心灰意冷，有的，只是日积月累的看透罢了。哪有顷刻之间的心灰意冷，有的，只是日积月累的看透罢了。哪有顷刻之间的心灰意冷，有的，只是日积月累的看透罢了。哪有顷刻之间的心灰意冷，有的，只是日积月累的看透罢了。哪有顷刻之间的心灰意冷，有的，只是日积月累的看透罢了。哪有顷刻之间的心灰意冷，有的，只是日积月累的看透罢了。哪有顷刻之间的心灰意冷，有的，只是日积月累的看透罢了。哪有顷刻之间的心灰意冷，有的，只是日积月累的看透罢了。哪有顷刻之间的心灰意冷，有的，只是日积月累的看透罢了。哪有顷刻之间的心灰意冷，有的，只是日积月累的看透罢了。哪有顷刻之间的心灰意冷，有的，只是日积月累的看透罢了。哪有顷刻之间的心灰意冷，有的，只是日积月累的看透罢了。', '蝙蝠它也怕黑', '99999966@outlook.com', '2020-12-10 10:05:06', '2020-12-10 10:05:06', NULL, 1, 'admin');
INSERT INTO `replies` VALUES (2, '奥里给', '蝙蝠它也怕黑', '99999966@outlook.com', '2020-12-11 08:47:51', '2020-12-11 08:47:51', NULL, 10, 'admin');
INSERT INTO `replies` VALUES (4, '嗷嗷嗷嗷奥里给', '直升机', '666@qq.com', '2020-12-11 12:30:43', '2020-12-11 12:30:43', NULL, 15, 'user');
INSERT INTO `replies` VALUES (5, '1111111', '11111111', '6666@qq.com', '2020-12-11 12:32:47', '2020-12-11 12:32:47', NULL, 10, 'user');
INSERT INTO `replies` VALUES (6, '加油', '啊啊啊', '666@qq.com', '2020-12-11 13:07:42', '2020-12-11 13:07:42', NULL, 4, 'user');
INSERT INTO `replies` VALUES (7, '站楼', '叶良辰', '12331@qq.com', '2020-12-11 13:30:12', '2020-12-11 13:30:12', NULL, 16, 'user');
INSERT INTO `replies` VALUES (8, '11232131', '1123', '123123', '2020-12-11 14:55:07', '2020-12-11 14:55:07', NULL, 2, 'user');

-- ----------------------------
-- Table structure for users
-- ----------------------------
DROP TABLE IF EXISTS `users`;
CREATE TABLE `users`  (
  `id` int(0) NOT NULL AUTO_INCREMENT,
  `loginId` varchar(255) CHARACTER SET utf8mb4 COLLATE utf8mb4_0900_ai_ci NOT NULL,
  `loginPwd` varchar(255) CHARACTER SET utf8mb4 COLLATE utf8mb4_0900_ai_ci NOT NULL,
  `userName` varchar(255) CHARACTER SET utf8mb4 COLLATE utf8mb4_0900_ai_ci NOT NULL,
  `userInfo` varchar(255) CHARACTER SET utf8mb4 COLLATE utf8mb4_0900_ai_ci NOT NULL,
  `userPortrait` varchar(255) CHARACTER SET utf8mb4 COLLATE utf8mb4_0900_ai_ci NOT NULL,
  `email` varchar(255) CHARACTER SET utf8mb4 COLLATE utf8mb4_0900_ai_ci NOT NULL,
  `github` varchar(255) CHARACTER SET utf8mb4 COLLATE utf8mb4_0900_ai_ci NOT NULL,
  `createdAt` datetime(0) NOT NULL,
  `updatedAt` datetime(0) NOT NULL,
  `deletedAt` datetime(0) NULL DEFAULT NULL,
  PRIMARY KEY (`id`) USING BTREE
) ENGINE = InnoDB AUTO_INCREMENT = 2 CHARACTER SET = utf8mb4 COLLATE = utf8mb4_0900_ai_ci ROW_FORMAT = Dynamic;

-- ----------------------------
-- Records of users
-- ----------------------------
INSERT INTO `users` VALUES (1, 'admin', 'admin', '蝙蝠它也怕黑', '往前走，凭着信心，而不是眼睛。', 'https://ss0.bdstatic.com/70cFvHSh_Q1YnxGkpoWK1HF6hhy/it/u=2723759038,476390942&fm=26&gp=0.jpg', '99999966@outlook.com', 'https://github.com/ZanHaitao', '2020-11-24 18:37:29', '2020-12-08 10:07:19', NULL);

SET FOREIGN_KEY_CHECKS = 1;
